code,N,numstates,phi,Nac,Nsingle,Neq,Nneq,Neqcyc,Nneqcyc,Mac,Msingle,Meq,Mneq,Meqcyc,Mneqcyc,Kac,Ksingle,Keq,Kneq,Keqcyc,Kneqcyc,eqp_code,symclass
204,3,8,1.0,8,8,0,0,0,0,1,1,0,0,0,0,8,8,0,0,0,0,204,all
204,4,16,1.0,16,16,0,0,0,0,1,1,0,0,0,0,16,16,0,0,0,0,204,all
204,5,32,1.0,32,32,0,0,0,0,1,1,0,0,0,0,32,32,0,0,0,0,204,all
204,6,64,1.0,64,64,0,0,0,0,1,1,0,0,0,0,64,64,0,0,0,0,204,all
204,7,128,1.0,128,128,0,0,0,0,1,1,0,0,0,0,128,128,0,0,0,0,204,all
204,8,256,1.0,256,256,0,0,0,0,1,1,0,0,0,0,256,256,0,0,0,0,204,all
204,9,512,1.0,512,512,0,0,0,0,1,1,0,0,0,0,512,512,0,0,0,0,204,all
204,10,1024,1.0,1024,1024,0,0,0,0,1,1,0,0,0,0,1024,1024,0,0,0,0,204,all
204,11,2048,1.0,2048,2048,0,0,0,0,1,1,0,0,0,0,2048,2048,0,0,0,0,204,all
204,12,4096,1.0,4096,4096,0,0,0,0,1,1,0,0,0,0,4096,4096,0,0,0,0,204,all
204,13,8192,1.0,8192,8192,0,0,0,0,1,1,0,0,0,0,8192,8192,0,0,0,0,204,all
204,14,16384,1.0,16384,16384,0,0,0,0,1,1,0,0,0,0,16384,16384,0,0,0,0,204,all
204,15,32768,1.0,32768,32768,0,0,0,0,1,1,0,0,0,0,32768,32768,0,0,0,0,204,all
77,3,8,0.75,6,6,0,0,0,0,1,1,0,0,0,0,6,6,0,0,0,0,105,all
77,4,16,0.375,6,6,0,0,0,0,1,1,0,0,0,0,6,6,0,0,0,0,105,all
77,5,32,0.3125,10,10,0,0,0,0,1,1,0,0,0,0,10,10,0,0,0,0,105,all
77,6,64,0.3125,20,20,0,0,0,0,1,1,0,0,0,0,20,20,0,0,0,0,105,all
77,7,128,0.21875,28,28,0,0,0,0,1,1,0,0,0,0,28,28,0,0,0,0,105,all
77,8,256,0.1796875,46,46,0,0,0,0,1,1,0,0,0,0,46,46,0,0,0,0,105,all
77,9,512,0.15234375,78,78,0,0,0,0,1,1,0,0,0,0,78,78,0,0,0,0,105,all
77,10,1024,0.119140625,122,122,0,0,0,0,1,1,0,0,0,0,122,122,0,0,0,0,105,all
77,11,2048,0.0966796875,198,198,0,0,0,0,1,1,0,0,0,0,198,198,0,0,0,0,105,all
77,12,4096,0.0791015625,324,324,0,0,0,0,1,1,0,0,0,0,324,324,0,0,0,0,105,all
77,13,8192,0.0634765625,520,520,0,0,0,0,1,1,0,0,0,0,520,520,0,0,0,0,105,all
77,14,16384,0.0513916015625,842,842,0,0,0,0,1,1,0,0,0,0,842,842,0,0,0,0,105,all
77,15,32768,0.04168701171875,1366,1366,0,0,0,0,1,1,0,0,0,0,1366,1366,0,0,0,0,105,all
232,3,8,0.25,2,2,0,0,0,0,1,1,0,0,0,0,2,2,0,0,0,0,105,all
232,4,16,0.375,6,6,0,0,0,0,1,1,0,0,0,0,6,6,0,0,0,0,105,all
232,5,32,0.375,12,12,0,0,0,0,1,1,0,0,0,0,12,12,0,0,0,0,105,all
232,6,64,0.3125,20,20,0,0,0,0,1,1,0,0,0,0,20,20,0,0,0,0,105,all
232,7,128,0.234375,30,30,0,0,0,0,1,1,0,0,0,0,30,30,0,0,0,0,105,all
232,8,256,0.1796875,46,46,0,0,0,0,1,1,0,0,0,0,46,46,0,0,0,0,105,all
232,9,512,0.14453125,74,74,0,0,0,0,1,1,0,0,0,0,74,74,0,0,0,0,105,all
232,10,1024,0.119140625,122,122,0,0,0,0,1,1,0,0,0,0,122,122,0,0,0,0,105,all
232,11,2048,0.09765625,200,200,0,0,0,0,1,1,0,0,0,0,200,200,0,0,0,0,105,all
232,12,4096,0.0791015625,324,324,0,0,0,0,1,1,0,0,0,0,324,324,0,0,0,0,105,all
232,13,8192,0.063720703125,522,522,0,0,0,0,1,1,0,0,0,0,522,522,0,0,0,0,105,all
232,14,16384,0.0513916015625,842,842,0,0,0,0,1,1,0,0,0,0,842,842,0,0,0,0,105,all
232,15,32768,0.04156494140625,1362,1362,0,0,0,0,1,1,0,0,0,0,1362,1362,0,0,0,0,105,all
105,3,8,1.0,2,0,2,0,0,0,4,0,4,0,0,0,8,0,8,0,0,0,105,all
105,4,16,1.0,5,4,1,0,0,0,12,1,12,0,0,0,16,4,12,0,0,0,105,all
105,5,32,1.0,2,0,2,0,0,0,16,0,16,0,0,0,32,0,32,0,0,0,105,all
105,6,64,1.0,3,0,3,0,2,0,40,0,40,0,12,0,64,0,64,0,24,0,105,all
105,7,128,1.0,2,0,2,0,0,0,64,0,64,0,0,0,128,0,128,0,0,0,105,all
105,8,256,1.0,7,4,3,0,0,0,140,1,140,0,0,0,256,4,252,0,0,0,105,all
105,9,512,1.0,2,0,2,0,0,0,256,0,256,0,0,0,512,0,512,0,0,0,105,all
105,10,1024,1.0,5,0,5,0,2,0,504,0,504,0,20,0,1024,0,1024,0,40,0,105,all
105,11,2048,1.0,2,0,2,0,0,0,1024,0,1024,0,0,0,2048,0,2048,0,0,0,105,all
105,12,4096,1.0,9,4,5,0,0,0,1848,1,1848,0,0,0,4096,4,4092,0,0,0,105,all
105,13,8192,1.0,2,0,2,0,0,0,4096,0,4096,0,0,0,8192,0,8192,0,0,0,105,all
105,14,16384,1.0,7,0,7,0,2,0,6864,0,6864,0,28,0,16384,0,16384,0,56,0,105,all
105,15,32768,1.0,2,0,2,0,0,0,16384,0,16384,0,0,0,32768,0,32768,0,0,0,105,all
150,3,8,1.0,3,2,1,0,1,0,6,1,6,0,6,0,8,2,6,0,6,0,150,all
150,4,16,1.0,5,4,1,0,0,0,12,1,12,0,0,0,16,4,12,0,0,0,150,all
150,5,32,1.0,4,2,2,0,1,0,20,1,20,0,10,0,32,2,30,0,10,0,150,all
150,6,64,1.0,6,4,2,0,0,0,30,1,30,0,0,0,64,4,60,0,0,0,150,all
150,7,128,1.0,5,2,3,0,1,0,70,1,70,0,14,0,128,2,126,0,14,0,150,all
150,8,256,1.0,7,4,3,0,0,0,140,1,140,0,0,0,256,4,252,0,0,0,150,all
150,9,512,1.0,6,2,4,0,1,0,252,1,252,0,18,0,512,2,510,0,18,0,150,all
150,10,1024,1.0,8,4,4,0,0,0,420,1,420,0,0,0,1024,4,1020,0,0,0,150,all
150,11,2048,1.0,7,2,5,0,1,0,924,1,924,0,22,0,2048,2,2046,0,22,0,150,all
150,12,4096,1.0,9,4,5,0,0,0,1848,1,1848,0,0,0,4096,4,4092,0,0,0,150,all
150,13,8192,1.0,8,2,6,0,1,0,3432,1,3432,0,26,0,8192,2,8190,0,26,0,150,all
150,14,16384,1.0,10,4,6,0,0,0,6006,1,6006,0,0,0,16384,4,16380,0,0,0,150,all
150,15,32768,1.0,9,2,7,0,1,0,12870,1,12870,0,30,0,32768,2,32766,0,30,0,150,all
23,3,8,0.75,1,0,1,0,1,0,6,0,6,0,6,0,6,0,6,0,6,0,51,all
23,4,16,0.125,2,2,0,0,0,0,1,1,0,0,0,0,2,2,0,0,0,0,51,all
23,5,32,0.3125,1,0,1,0,1,0,10,0,10,0,10,0,10,0,10,0,10,0,51,all
23,6,64,0.03125,2,2,0,0,0,0,1,1,0,0,0,0,2,2,0,0,0,0,51,all
23,7,128,0.109375,1,0,1,0,1,0,14,0,14,0,14,0,14,0,14,0,14,0,51,all
23,8,256,0.0078125,2,2,0,0,0,0,1,1,0,0,0,0,2,2,0,0,0,0,51,all
23,9,512,0.03515625,1,0,1,0,1,0,18,0,18,0,18,0,18,0,18,0,18,0,51,all
23,10,1024,0.001953125,2,2,0,0,0,0,1,1,0,0,0,0,2,2,0,0,0,0,51,all
23,11,2048,0.0107421875,1,0,1,0,1,0,22,0,22,0,22,0,22,0,22,0,22,0,51,all
23,12,4096,0.00048828125,2,2,0,0,0,0,1,1,0,0,0,0,2,2,0,0,0,0,51,all
23,13,8192,0.003173828125,1,0,1,0,1,0,26,0,26,0,26,0,26,0,26,0,26,0,51,all
23,14,16384,0.0001220703125,2,2,0,0,0,0,1,1,0,0,0,0,2,2,0,0,0,0,51,all
23,15,32768,0.00091552734375,1,0,1,0,1,0,30,0,30,0,30,0,30,0,30,0,30,0,51,all
178,3,8,0.25,2,2,0,0,0,0,1,1,0,0,0,0,2,2,0,0,0,0,51,all
178,4,16,0.125,2,2,0,0,0,0,1,1,0,0,0,0,2,2,0,0,0,0,51,all
178,5,32,0.0625,2,2,0,0,0,0,1,1,0,0,0,0,2,2,0,0,0,0,51,all
178,6,64,0.03125,2,2,0,0,0,0,1,1,0,0,0,0,2,2,0,0,0,0,51,all
178,7,128,0.015625,2,2,0,0,0,0,1,1,0,0,0,0,2,2,0,0,0,0,51,all
178,8,256,0.0078125,2,2,0,0,0,0,1,1,0,0,0,0,2,2,0,0,0,0,51,all
178,9,512,0.00390625,2,2,0,0,0,0,1,1,0,0,0,0,2,2,0,0,0,0,51,all
178,10,1024,0.001953125,2,2,0,0,0,0,1,1,0,0,0,0,2,2,0,0,0,0,51,all
178,11,2048,0.0009765625,2,2,0,0,0,0,1,1,0,0,0,0,2,2,0,0,0,0,51,all
178,12,4096,0.00048828125,2,2,0,0,0,0,1,1,0,0,0,0,2,2,0,0,0,0,51,all
178,13,8192,0.000244140625,2,2,0,0,0,0,1,1,0,0,0,0,2,2,0,0,0,0,51,all
178,14,16384,0.0001220703125,2,2,0,0,0,0,1,1,0,0,0,0,2,2,0,0,0,0,51,all
178,15,32768,6.103515625e-5,2,2,0,0,0,0,1,1,0,0,0,0,2,2,0,0,0,0,51,all
51,3,8,1.0,1,0,1,0,0,0,8,0,8,0,0,0,8,0,8,0,0,0,51,all
51,4,16,1.0,1,0,1,0,0,0,16,0,16,0,0,0,16,0,16,0,0,0,51,all
51,5,32,1.0,1,0,1,0,0,0,32,0,32,0,0,0,32,0,32,0,0,0,51,all
51,6,64,1.0,1,0,1,0,0,0,64,0,64,0,0,0,64,0,64,0,0,0,51,all
51,7,128,1.0,1,0,1,0,0,0,128,0,128,0,0,0,128,0,128,0,0,0,51,all
51,8,256,1.0,1,0,1,0,0,0,256,0,256,0,0,0,256,0,256,0,0,0,51,all
51,9,512,1.0,1,0,1,0,0,0,512,0,512,0,0,0,512,0,512,0,0,0,51,all
51,10,1024,1.0,1,0,1,0,0,0,1024,0,1024,0,0,0,1024,0,1024,0,0,0,51,all
51,11,2048,1.0,1,0,1,0,0,0,2048,0,2048,0,0,0,2048,0,2048,0,0,0,51,all
51,12,4096,1.0,1,0,1,0,0,0,4096,0,4096,0,0,0,4096,0,4096,0,0,0,51,all
51,13,8192,1.0,1,0,1,0,0,0,8192,0,8192,0,0,0,8192,0,8192,0,0,0,51,all
51,14,16384,1.0,1,0,1,0,0,0,16384,0,16384,0,0,0,16384,0,16384,0,0,0,51,all
51,15,32768,1.0,1,0,1,0,0,0,32768,0,32768,0,0,0,32768,0,32768,0,0,0,51,all
76,3,8,0.875,7,7,0,0,0,0,1,1,0,0,0,0,7,7,0,0,0,0,108,h
76,4,16,0.6875,11,11,0,0,0,0,1,1,0,0,0,0,11,11,0,0,0,0,108,h
76,5,32,0.65625,21,21,0,0,0,0,1,1,0,0,0,0,21,21,0,0,0,0,108,h
76,6,64,0.609375,39,39,0,0,0,0,1,1,0,0,0,0,39,39,0,0,0,0,108,h
76,7,128,0.5546875,71,71,0,0,0,0,1,1,0,0,0,0,71,71,0,0,0,0,108,h
76,8,256,0.51171875,131,131,0,0,0,0,1,1,0,0,0,0,131,131,0,0,0,0,108,h
76,9,512,0.470703125,241,241,0,0,0,0,1,1,0,0,0,0,241,241,0,0,0,0,108,h
76,10,1024,0.4326171875,443,443,0,0,0,0,1,1,0,0,0,0,443,443,0,0,0,0,108,h
76,11,2048,0.39794921875,815,815,0,0,0,0,1,1,0,0,0,0,815,815,0,0,0,0,108,h
76,12,4096,0.365966796875,1499,1499,0,0,0,0,1,1,0,0,0,0,1499,1499,0,0,0,0,108,h
76,13,8192,0.3365478515625,2757,2757,0,0,0,0,1,1,0,0,0,0,2757,2757,0,0,0,0,108,h
76,14,16384,0.30950927734375,5071,5071,0,0,0,0,1,1,0,0,0,0,5071,5071,0,0,0,0,108,h
76,15,32768,0.284637451171875,9327,9327,0,0,0,0,1,1,0,0,0,0,9327,9327,0,0,0,0,108,h
200,3,8,0.625,5,5,0,0,0,0,1,1,0,0,0,0,5,5,0,0,0,0,108,h
200,4,16,0.625,10,10,0,0,0,0,1,1,0,0,0,0,10,10,0,0,0,0,108,h
200,5,32,0.53125,17,17,0,0,0,0,1,1,0,0,0,0,17,17,0,0,0,0,108,h
200,6,64,0.453125,29,29,0,0,0,0,1,1,0,0,0,0,29,29,0,0,0,0,108,h
200,7,128,0.3984375,51,51,0,0,0,0,1,1,0,0,0,0,51,51,0,0,0,0,108,h
200,8,256,0.3515625,90,90,0,0,0,0,1,1,0,0,0,0,90,90,0,0,0,0,108,h
200,9,512,0.30859375,158,158,0,0,0,0,1,1,0,0,0,0,158,158,0,0,0,0,108,h
200,10,1024,0.2705078125,277,277,0,0,0,0,1,1,0,0,0,0,277,277,0,0,0,0,108,h
200,11,2048,0.2373046875,486,486,0,0,0,0,1,1,0,0,0,0,486,486,0,0,0,0,108,h
200,12,4096,0.208251953125,853,853,0,0,0,0,1,1,0,0,0,0,853,853,0,0,0,0,108,h
200,13,8192,0.1827392578125,1497,1497,0,0,0,0,1,1,0,0,0,0,1497,1497,0,0,0,0,108,h
200,14,16384,0.16033935546875,2627,2627,0,0,0,0,1,1,0,0,0,0,2627,2627,0,0,0,0,108,h
200,15,32768,0.14068603515625,4610,4610,0,0,0,0,1,1,0,0,0,0,4610,4610,0,0,0,0,108,h
72,3,8,0.5,4,4,0,0,0,0,1,1,0,0,0,0,4,4,0,0,0,0,105,h
72,4,16,0.3125,5,5,0,0,0,0,1,1,0,0,0,0,5,5,0,0,0,0,105,h
72,5,32,0.1875,6,6,0,0,0,0,1,1,0,0,0,0,6,6,0,0,0,0,105,h
72,6,64,0.15625,10,10,0,0,0,0,1,1,0,0,0,0,10,10,0,0,0,0,105,h
72,7,128,0.1171875,15,15,0,0,0,0,1,1,0,0,0,0,15,15,0,0,0,0,105,h
72,8,256,0.08203125,21,21,0,0,0,0,1,1,0,0,0,0,21,21,0,0,0,0,105,h
72,9,512,0.060546875,31,31,0,0,0,0,1,1,0,0,0,0,31,31,0,0,0,0,105,h
72,10,1024,0.044921875,46,46,0,0,0,0,1,1,0,0,0,0,46,46,0,0,0,0,105,h
72,11,2048,0.03271484375,67,67,0,0,0,0,1,1,0,0,0,0,67,67,0,0,0,0,105,h
72,12,4096,0.02392578125,98,98,0,0,0,0,1,1,0,0,0,0,98,98,0,0,0,0,105,h
72,13,8192,0.017578125,144,144,0,0,0,0,1,1,0,0,0,0,144,144,0,0,0,0,105,h
72,14,16384,0.01287841796875,211,211,0,0,0,0,1,1,0,0,0,0,211,211,0,0,0,0,105,h
72,15,32768,0.009429931640625,309,309,0,0,0,0,1,1,0,0,0,0,309,309,0,0,0,0,105,h
108,3,8,1.0,5,4,1,0,0,0,4,1,4,0,0,0,8,4,4,0,0,0,108,h
108,4,16,1.0,10,9,1,0,0,0,7,1,7,0,0,0,16,9,7,0,0,0,108,h
108,5,32,1.0,17,11,6,0,0,0,11,1,11,0,0,0,32,11,21,0,0,0,108,h
108,6,64,1.0,29,16,13,0,0,0,18,1,18,0,0,0,64,16,48,0,0,0,108,h
108,7,128,1.0,51,29,22,0,0,0,29,1,29,0,0,0,128,29,99,0,0,0,108,h
108,8,256,1.0,90,49,41,0,0,0,47,1,47,0,0,0,256,49,207,0,0,0,108,h
108,9,512,1.0,158,76,82,0,0,0,76,1,76,0,0,0,512,76,436,0,0,0,108,h
108,10,1024,1.0,277,121,156,0,5,0,123,1,123,0,4,0,1024,121,903,0,20,0,108,h
108,11,2048,1.0,486,199,287,0,11,0,199,1,199,0,4,0,2048,199,1849,0,44,0,108,h
108,12,4096,1.0,853,324,529,0,18,0,322,1,322,0,4,0,4096,324,3772,0,72,0,108,h
108,13,8192,1.0,1497,521,976,0,39,0,521,1,521,0,4,0,8192,521,7671,0,156,0,108,h
108,14,16384,1.0,2627,841,1786,0,91,0,843,1,843,0,4,0,16384,841,15543,0,364,0,108,h
108,15,32768,1.0,4610,1364,3246,0,180,0,1364,1,1364,0,4,0,32768,1364,31404,0,720,0,108,h
132,3,8,0.625,5,5,0,0,0,0,1,1,0,0,0,0,5,5,0,0,0,0,150,h
132,4,16,0.5,8,8,0,0,0,0,1,1,0,0,0,0,8,8,0,0,0,0,150,h
132,5,32,0.375,12,12,0,0,0,0,1,1,0,0,0,0,12,12,0,0,0,0,150,h
132,6,64,0.296875,19,19,0,0,0,0,1,1,0,0,0,0,19,19,0,0,0,0,150,h
132,7,128,0.234375,30,30,0,0,0,0,1,1,0,0,0,0,30,30,0,0,0,0,150,h
132,8,256,0.1875,48,48,0,0,0,0,1,1,0,0,0,0,48,48,0,0,0,0,150,h
132,9,512,0.150390625,77,77,0,0,0,0,1,1,0,0,0,0,77,77,0,0,0,0,150,h
132,10,1024,0.12109375,124,124,0,0,0,0,1,1,0,0,0,0,124,124,0,0,0,0,150,h
132,11,2048,0.09765625,200,200,0,0,0,0,1,1,0,0,0,0,200,200,0,0,0,0,150,h
132,12,4096,0.078857421875,323,323,0,0,0,0,1,1,0,0,0,0,323,323,0,0,0,0,150,h
132,13,8192,0.063720703125,522,522,0,0,0,0,1,1,0,0,0,0,522,522,0,0,0,0,150,h
132,14,16384,0.051513671875,844,844,0,0,0,0,1,1,0,0,0,0,844,844,0,0,0,0,150,h
132,15,32768,0.041656494140625,1365,1365,0,0,0,0,1,1,0,0,0,0,1365,1365,0,0,0,0,150,h
142,3,8,1.0,3,2,0,1,0,1,6,1,0,6,0,6,8,2,0,6,0,6,150,g
142,4,16,1.0,5,4,0,1,0,0,12,1,0,12,0,0,16,4,0,12,0,0,150,g
142,5,32,1.0,4,2,0,2,0,1,20,1,0,20,0,10,32,2,0,30,0,10,150,g
142,6,64,1.0,6,4,0,2,0,0,30,1,0,30,0,0,64,4,0,60,0,0,150,g
142,7,128,1.0,5,2,0,3,0,1,70,1,0,70,0,14,128,2,0,126,0,14,150,g
142,8,256,1.0,7,4,0,3,0,0,140,1,0,140,0,0,256,4,0,252,0,0,150,g
142,9,512,1.0,6,2,0,4,0,1,252,1,0,252,0,18,512,2,0,510,0,18,150,g
142,10,1024,1.0,8,4,0,4,0,0,420,1,0,420,0,0,1024,4,0,1020,0,0,150,g
142,11,2048,1.0,7,2,0,5,0,1,924,1,0,924,0,22,2048,2,0,2046,0,22,150,g
142,12,4096,1.0,9,4,0,5,0,0,1848,1,0,1848,0,0,4096,4,0,4092,0,0,150,g
142,13,8192,1.0,8,2,0,6,0,1,3432,1,0,3432,0,26,8192,2,0,8190,0,26,150,g
142,14,16384,1.0,10,4,0,6,0,0,6006,1,0,6006,0,0,16384,4,0,16380,0,0,150,g
142,15,32768,1.0,9,2,0,7,0,1,12870,1,0,12870,0,30,32768,2,0,32766,0,30,150,g
156,3,8,1.0,5,2,3,0,0,0,2,1,2,0,0,0,8,2,6,0,0,0,156,f
156,4,16,1.0,8,4,4,0,0,0,3,1,3,0,0,0,16,4,12,0,0,0,156,f
156,5,32,1.0,12,2,10,0,0,0,4,1,4,0,0,0,32,2,30,0,0,0,156,f
156,6,64,1.0,19,4,15,0,3,0,5,1,5,0,4,0,64,4,60,0,12,0,156,f
156,7,128,1.0,30,2,28,0,0,0,6,1,6,0,0,0,128,2,126,0,0,0,156,f
156,8,256,1.0,48,4,44,0,8,0,9,1,9,0,4,0,256,4,252,0,32,0,156,f
156,9,512,1.0,77,2,75,0,0,0,12,1,12,0,0,0,512,2,510,0,0,0,156,f
156,10,1024,1.0,124,4,120,0,15,0,16,1,16,0,4,0,1024,4,1020,0,60,0,156,f
156,11,2048,1.0,200,2,198,0,0,0,20,1,20,0,0,0,2048,2,2046,0,0,0,156,f
156,12,4096,1.0,323,4,319,0,24,0,27,1,27,0,4,0,4096,4,4092,0,96,0,156,f
156,13,8192,1.0,522,2,520,0,0,0,36,1,36,0,0,0,8192,2,8190,0,0,0,156,f
156,14,16384,1.0,844,4,840,0,35,0,48,1,48,0,4,0,16384,4,16380,0,140,0,156,f
156,15,32768,1.0,1365,2,1363,0,0,0,64,1,64,0,0,0,32768,2,32766,0,0,0,156,f
4,3,8,0.5,4,4,0,0,0,0,1,1,0,0,0,0,4,4,0,0,0,0,54,h
4,4,16,0.4375,7,7,0,0,0,0,1,1,0,0,0,0,7,7,0,0,0,0,54,h
4,5,32,0.34375,11,11,0,0,0,0,1,1,0,0,0,0,11,11,0,0,0,0,54,h
4,6,64,0.28125,18,18,0,0,0,0,1,1,0,0,0,0,18,18,0,0,0,0,54,h
4,7,128,0.2265625,29,29,0,0,0,0,1,1,0,0,0,0,29,29,0,0,0,0,54,h
4,8,256,0.18359375,47,47,0,0,0,0,1,1,0,0,0,0,47,47,0,0,0,0,54,h
4,9,512,0.1484375,76,76,0,0,0,0,1,1,0,0,0,0,76,76,0,0,0,0,54,h
4,10,1024,0.1201171875,123,123,0,0,0,0,1,1,0,0,0,0,123,123,0,0,0,0,54,h
4,11,2048,0.09716796875,199,199,0,0,0,0,1,1,0,0,0,0,199,199,0,0,0,0,54,h
4,12,4096,0.07861328125,322,322,0,0,0,0,1,1,0,0,0,0,322,322,0,0,0,0,54,h
4,13,8192,0.0635986328125,521,521,0,0,0,0,1,1,0,0,0,0,521,521,0,0,0,0,54,h
4,14,16384,0.05145263671875,843,843,0,0,0,0,1,1,0,0,0,0,843,843,0,0,0,0,54,h
4,15,32768,0.0416259765625,1364,1364,0,0,0,0,1,1,0,0,0,0,1364,1364,0,0,0,0,54,h
73,3,8,0.875,4,3,1,0,0,0,4,1,4,0,0,0,7,3,4,0,0,0,105,h
73,4,16,0.6875,5,4,1,0,0,0,7,1,7,0,0,0,11,4,7,0,0,0,105,h
73,5,32,0.65625,6,0,6,0,0,0,11,0,11,0,0,0,21,0,21,0,0,0,105,h
73,6,64,0.609375,10,3,7,0,0,0,18,1,18,0,0,0,39,3,36,0,0,0,105,h
73,7,128,0.5546875,15,7,8,0,0,0,29,1,29,0,0,0,71,7,64,0,0,0,105,h
73,8,256,0.51171875,21,4,17,0,0,0,47,1,47,0,0,0,131,4,127,0,0,0,105,h
73,9,512,0.470703125,31,3,28,0,0,0,76,1,76,0,0,0,241,3,238,0,0,0,105,h
73,10,1024,0.4326171875,46,10,36,0,5,0,123,1,123,0,4,0,443,10,433,0,20,0,105,h
73,11,2048,0.39794921875,67,11,56,0,0,0,199,1,199,0,0,0,815,11,804,0,0,0,105,h
73,12,4096,0.365966796875,98,7,91,0,0,0,322,1,322,0,0,0,1499,7,1492,0,0,0,105,h
73,13,8192,0.3365478515625,144,13,131,0,13,0,521,1,521,0,4,0,2757,13,2744,0,52,0,105,h
73,14,16384,0.30950927734375,211,21,190,0,14,0,843,1,843,0,4,0,5071,21,5050,0,56,0,105,h
73,15,32768,0.284637451171875,309,18,291,0,0,0,1364,1,1364,0,0,0,9327,18,9309,0,0,0,105,h
94,3,8,0.5,4,4,0,0,0,0,1,1,0,0,0,0,4,4,0,0,0,0,54,h
94,4,16,0.1875,3,3,0,0,0,0,1,1,0,0,0,0,3,3,0,0,0,0,54,h
94,5,32,0.1875,6,6,0,0,0,0,1,1,0,0,0,0,6,6,0,0,0,0,54,h
94,6,64,0.09375,6,6,0,0,0,0,1,1,0,0,0,0,6,6,0,0,0,0,54,h
94,7,128,0.0625,8,8,0,0,0,0,1,1,0,0,0,0,8,8,0,0,0,0,54,h
94,8,256,0.04296875,11,11,0,0,0,0,1,1,0,0,0,0,11,11,0,0,0,0,54,h
94,9,512,0.025390625,13,13,0,0,0,0,1,1,0,0,0,0,13,13,0,0,0,0,54,h
94,10,1024,0.017578125,18,18,0,0,0,0,1,1,0,0,0,0,18,18,0,0,0,0,54,h
94,11,2048,0.01123046875,23,23,0,0,0,0,1,1,0,0,0,0,23,23,0,0,0,0,54,h
94,12,4096,0.00732421875,30,30,0,0,0,0,1,1,0,0,0,0,30,30,0,0,0,0,54,h
94,13,8192,0.0048828125,40,40,0,0,0,0,1,1,0,0,0,0,40,40,0,0,0,0,54,h
94,14,16384,0.003173828125,52,52,0,0,0,0,1,1,0,0,0,0,52,52,0,0,0,0,54,h
94,15,32768,0.002105712890625,69,69,0,0,0,0,1,1,0,0,0,0,69,69,0,0,0,0,54,h
104,3,8,0.625,2,1,1,0,0,0,4,1,4,0,0,0,5,1,4,0,0,0,105,h
104,4,16,0.3125,5,5,0,0,0,0,1,1,0,0,0,0,5,5,0,0,0,0,105,h
104,5,32,0.1875,6,6,0,0,0,0,1,1,0,0,0,0,6,6,0,0,0,0,105,h
104,6,64,0.109375,7,7,0,0,0,0,1,1,0,0,0,0,7,7,0,0,0,0,105,h
104,7,128,0.0625,8,8,0,0,0,0,1,1,0,0,0,0,8,8,0,0,0,0,105,h
104,8,256,0.05078125,13,13,0,0,0,0,1,1,0,0,0,0,13,13,0,0,0,0,105,h
104,9,512,0.037109375,19,19,0,0,0,0,1,1,0,0,0,0,19,19,0,0,0,0,105,h
104,10,1024,0.025390625,26,26,0,0,0,0,1,1,0,0,0,0,26,26,0,0,0,0,105,h
104,11,2048,0.0166015625,34,34,0,0,0,0,1,1,0,0,0,0,34,34,0,0,0,0,105,h
104,12,4096,0.011474609375,47,47,0,0,0,0,1,1,0,0,0,0,47,47,0,0,0,0,105,h
104,13,8192,0.008056640625,66,66,0,0,0,0,1,1,0,0,0,0,66,66,0,0,0,0,105,h
104,14,16384,0.005615234375,92,92,0,0,0,0,1,1,0,0,0,0,92,92,0,0,0,0,105,h
104,15,32768,0.00384521484375,126,126,0,0,0,0,1,1,0,0,0,0,126,126,0,0,0,0,105,h
128,3,8,0.25,2,2,0,0,0,0,1,1,0,0,0,0,2,2,0,0,0,0,54,h
128,4,16,0.125,2,2,0,0,0,0,1,1,0,0,0,0,2,2,0,0,0,0,54,h
128,5,32,0.0625,2,2,0,0,0,0,1,1,0,0,0,0,2,2,0,0,0,0,54,h
128,6,64,0.03125,2,2,0,0,0,0,1,1,0,0,0,0,2,2,0,0,0,0,54,h
128,7,128,0.015625,2,2,0,0,0,0,1,1,0,0,0,0,2,2,0,0,0,0,54,h
128,8,256,0.0078125,2,2,0,0,0,0,1,1,0,0,0,0,2,2,0,0,0,0,54,h
128,9,512,0.00390625,2,2,0,0,0,0,1,1,0,0,0,0,2,2,0,0,0,0,54,h
128,10,1024,0.001953125,2,2,0,0,0,0,1,1,0,0,0,0,2,2,0,0,0,0,54,h
128,11,2048,0.0009765625,2,2,0,0,0,0,1,1,0,0,0,0,2,2,0,0,0,0,54,h
128,12,4096,0.00048828125,2,2,0,0,0,0,1,1,0,0,0,0,2,2,0,0,0,0,54,h
128,13,8192,0.000244140625,2,2,0,0,0,0,1,1,0,0,0,0,2,2,0,0,0,0,54,h
128,14,16384,0.0001220703125,2,2,0,0,0,0,1,1,0,0,0,0,2,2,0,0,0,0,54,h
128,15,32768,6.103515625e-5,2,2,0,0,0,0,1,1,0,0,0,0,2,2,0,0,0,0,54,h
164,3,8,0.625,5,5,0,0,0,0,1,1,0,0,0,0,5,5,0,0,0,0,54,h
164,4,16,0.375,6,6,0,0,0,0,1,1,0,0,0,0,6,6,0,0,0,0,54,h
164,5,32,0.21875,7,7,0,0,0,0,1,1,0,0,0,0,7,7,0,0,0,0,54,h
164,6,64,0.171875,11,11,0,0,0,0,1,1,0,0,0,0,11,11,0,0,0,0,54,h
164,7,128,0.125,16,16,0,0,0,0,1,1,0,0,0,0,16,16,0,0,0,0,54,h
164,8,256,0.0859375,22,22,0,0,0,0,1,1,0,0,0,0,22,22,0,0,0,0,54,h
164,9,512,0.0625,32,32,0,0,0,0,1,1,0,0,0,0,32,32,0,0,0,0,54,h
164,10,1024,0.0458984375,47,47,0,0,0,0,1,1,0,0,0,0,47,47,0,0,0,0,54,h
164,11,2048,0.033203125,68,68,0,0,0,0,1,1,0,0,0,0,68,68,0,0,0,0,54,h
164,12,4096,0.024169921875,99,99,0,0,0,0,1,1,0,0,0,0,99,99,0,0,0,0,54,h
164,13,8192,0.0177001953125,145,145,0,0,0,0,1,1,0,0,0,0,145,145,0,0,0,0,54,h
164,14,16384,0.012939453125,212,212,0,0,0,0,1,1,0,0,0,0,212,212,0,0,0,0,54,h
164,15,32768,0.00946044921875,310,310,0,0,0,0,1,1,0,0,0,0,310,310,0,0,0,0,54,h
0,3,8,0.125,1,1,0,0,0,0,1,1,0,0,0,0,1,1,0,0,0,0,51,h
0,4,16,0.0625,1,1,0,0,0,0,1,1,0,0,0,0,1,1,0,0,0,0,51,h
0,5,32,0.03125,1,1,0,0,0,0,1,1,0,0,0,0,1,1,0,0,0,0,51,h
0,6,64,0.015625,1,1,0,0,0,0,1,1,0,0,0,0,1,1,0,0,0,0,51,h
0,7,128,0.0078125,1,1,0,0,0,0,1,1,0,0,0,0,1,1,0,0,0,0,51,h
0,8,256,0.00390625,1,1,0,0,0,0,1,1,0,0,0,0,1,1,0,0,0,0,51,h
0,9,512,0.001953125,1,1,0,0,0,0,1,1,0,0,0,0,1,1,0,0,0,0,51,h
0,10,1024,0.0009765625,1,1,0,0,0,0,1,1,0,0,0,0,1,1,0,0,0,0,51,h
0,11,2048,0.00048828125,1,1,0,0,0,0,1,1,0,0,0,0,1,1,0,0,0,0,51,h
0,12,4096,0.000244140625,1,1,0,0,0,0,1,1,0,0,0,0,1,1,0,0,0,0,51,h
0,13,8192,0.0001220703125,1,1,0,0,0,0,1,1,0,0,0,0,1,1,0,0,0,0,51,h
0,14,16384,6.103515625e-5,1,1,0,0,0,0,1,1,0,0,0,0,1,1,0,0,0,0,51,h
0,15,32768,3.0517578125e-5,1,1,0,0,0,0,1,1,0,0,0,0,1,1,0,0,0,0,51,h
5,3,8,0.375,3,3,0,0,0,0,1,1,0,0,0,0,3,3,0,0,0,0,51,h
5,4,16,0.125,2,2,0,0,0,0,1,1,0,0,0,0,2,2,0,0,0,0,51,h
5,5,32,0.15625,5,5,0,0,0,0,1,1,0,0,0,0,5,5,0,0,0,0,51,h
5,6,64,0.078125,5,5,0,0,0,0,1,1,0,0,0,0,5,5,0,0,0,0,51,h
5,7,128,0.0546875,7,7,0,0,0,0,1,1,0,0,0,0,7,7,0,0,0,0,51,h
5,8,256,0.0390625,10,10,0,0,0,0,1,1,0,0,0,0,10,10,0,0,0,0,51,h
5,9,512,0.0234375,12,12,0,0,0,0,1,1,0,0,0,0,12,12,0,0,0,0,51,h
5,10,1024,0.0166015625,17,17,0,0,0,0,1,1,0,0,0,0,17,17,0,0,0,0,51,h
5,11,2048,0.0107421875,22,22,0,0,0,0,1,1,0,0,0,0,22,22,0,0,0,0,51,h
5,12,4096,0.007080078125,29,29,0,0,0,0,1,1,0,0,0,0,29,29,0,0,0,0,51,h
5,13,8192,0.0047607421875,39,39,0,0,0,0,1,1,0,0,0,0,39,39,0,0,0,0,51,h
5,14,16384,0.00311279296875,51,51,0,0,0,0,1,1,0,0,0,0,51,51,0,0,0,0,51,h
5,15,32768,0.0020751953125,68,68,0,0,0,0,1,1,0,0,0,0,68,68,0,0,0,0,51,h
15,3,8,0.75,1,0,0,1,0,1,6,0,0,6,0,6,6,0,0,6,0,6,51,g
15,4,16,0.125,2,2,0,0,0,0,1,1,0,0,0,0,2,2,0,0,0,0,51,g
15,5,32,0.3125,1,0,0,1,0,1,10,0,0,10,0,10,10,0,0,10,0,10,51,g
15,6,64,0.03125,2,2,0,0,0,0,1,1,0,0,0,0,2,2,0,0,0,0,51,g
15,7,128,0.109375,1,0,0,1,0,1,14,0,0,14,0,14,14,0,0,14,0,14,51,g
15,8,256,0.0078125,2,2,0,0,0,0,1,1,0,0,0,0,2,2,0,0,0,0,51,g
15,9,512,0.03515625,1,0,0,1,0,1,18,0,0,18,0,18,18,0,0,18,0,18,51,g
15,10,1024,0.001953125,2,2,0,0,0,0,1,1,0,0,0,0,2,2,0,0,0,0,51,g
15,11,2048,0.0107421875,1,0,0,1,0,1,22,0,0,22,0,22,22,0,0,22,0,22,51,g
15,12,4096,0.00048828125,2,2,0,0,0,0,1,1,0,0,0,0,2,2,0,0,0,0,51,g
15,13,8192,0.003173828125,1,0,0,1,0,1,26,0,0,26,0,26,26,0,0,26,0,26,51,g
15,14,16384,0.0001220703125,2,2,0,0,0,0,1,1,0,0,0,0,2,2,0,0,0,0,51,g
15,15,32768,0.00091552734375,1,0,0,1,0,1,30,0,0,30,0,30,30,0,0,30,0,30,51,g
29,3,8,0.75,3,0,3,0,0,0,2,0,2,0,0,0,6,0,6,0,0,0,57,f
29,4,16,0.125,2,2,0,0,0,0,1,1,0,0,0,0,2,2,0,0,0,0,57,f
29,5,32,0.3125,5,0,5,0,0,0,2,0,2,0,0,0,10,0,10,0,0,0,57,f
29,6,64,0.21875,5,2,3,0,3,0,4,1,4,0,4,0,14,2,12,0,12,0,57,f
29,7,128,0.109375,7,0,7,0,0,0,2,0,2,0,0,0,14,0,14,0,0,0,57,f
29,8,256,0.1328125,10,2,8,0,8,0,4,1,4,0,4,0,34,2,32,0,32,0,57,f
29,9,512,0.08203125,12,0,12,0,0,0,8,0,8,0,0,0,42,0,42,0,0,0,57,f
29,10,1024,0.060546875,17,2,15,0,15,0,4,1,4,0,4,0,62,2,60,0,60,0,57,f
29,11,2048,0.0537109375,22,0,22,0,0,0,8,0,8,0,0,0,110,0,110,0,0,0,57,f
29,12,4096,0.03564453125,29,2,27,0,24,0,16,1,16,0,4,0,146,2,144,0,96,0,57,f
29,13,8192,0.028564453125,39,0,39,0,0,0,8,0,8,0,0,0,234,0,234,0,0,0,57,f
29,14,16384,0.0223388671875,51,2,49,0,35,0,16,1,16,0,4,0,366,2,364,0,140,0,57,f
29,15,32768,0.01605224609375,68,0,68,0,0,0,32,0,32,0,0,0,526,0,526,0,0,0,57,f
36,3,8,0.5,4,4,0,0,0,0,1,1,0,0,0,0,4,4,0,0,0,0,54,h
36,4,16,0.3125,5,5,0,0,0,0,1,1,0,0,0,0,5,5,0,0,0,0,54,h
36,5,32,0.1875,6,6,0,0,0,0,1,1,0,0,0,0,6,6,0,0,0,0,54,h
36,6,64,0.15625,10,10,0,0,0,0,1,1,0,0,0,0,10,10,0,0,0,0,54,h
36,7,128,0.1171875,15,15,0,0,0,0,1,1,0,0,0,0,15,15,0,0,0,0,54,h
36,8,256,0.08203125,21,21,0,0,0,0,1,1,0,0,0,0,21,21,0,0,0,0,54,h
36,9,512,0.060546875,31,31,0,0,0,0,1,1,0,0,0,0,31,31,0,0,0,0,54,h
36,10,1024,0.044921875,46,46,0,0,0,0,1,1,0,0,0,0,46,46,0,0,0,0,54,h
36,11,2048,0.03271484375,67,67,0,0,0,0,1,1,0,0,0,0,67,67,0,0,0,0,54,h
36,12,4096,0.02392578125,98,98,0,0,0,0,1,1,0,0,0,0,98,98,0,0,0,0,54,h
36,13,8192,0.017578125,144,144,0,0,0,0,1,1,0,0,0,0,144,144,0,0,0,0,54,h
36,14,16384,0.01287841796875,211,211,0,0,0,0,1,1,0,0,0,0,211,211,0,0,0,0,54,h
36,15,32768,0.009429931640625,309,309,0,0,0,0,1,1,0,0,0,0,309,309,0,0,0,0,54,h
90,3,8,0.5,4,4,0,0,0,0,1,1,0,0,0,0,4,4,0,0,0,0,51,h
90,4,16,0.0625,1,1,0,0,0,0,1,1,0,0,0,0,1,1,0,0,0,0,51,h
90,5,32,0.03125,1,1,0,0,0,0,1,1,0,0,0,0,1,1,0,0,0,0,51,h
90,6,64,0.0625,4,4,0,0,0,0,1,1,0,0,0,0,4,4,0,0,0,0,51,h
90,7,128,0.0078125,1,1,0,0,0,0,1,1,0,0,0,0,1,1,0,0,0,0,51,h
90,8,256,0.00390625,1,1,0,0,0,0,1,1,0,0,0,0,1,1,0,0,0,0,51,h
90,9,512,0.0078125,4,4,0,0,0,0,1,1,0,0,0,0,4,4,0,0,0,0,51,h
90,10,1024,0.0009765625,1,1,0,0,0,0,1,1,0,0,0,0,1,1,0,0,0,0,51,h
90,11,2048,0.00048828125,1,1,0,0,0,0,1,1,0,0,0,0,1,1,0,0,0,0,51,h
90,12,4096,0.0009765625,4,4,0,0,0,0,1,1,0,0,0,0,4,4,0,0,0,0,51,h
90,13,8192,0.0001220703125,1,1,0,0,0,0,1,1,0,0,0,0,1,1,0,0,0,0,51,h
90,14,16384,6.103515625e-5,1,1,0,0,0,0,1,1,0,0,0,0,1,1,0,0,0,0,51,h
90,15,32768,0.0001220703125,4,4,0,0,0,0,1,1,0,0,0,0,4,4,0,0,0,0,51,h
126,3,8,0.625,2,1,1,0,0,0,4,1,4,0,0,0,5,1,4,0,0,0,54,h
126,4,16,0.5,2,1,1,0,0,0,7,1,7,0,0,0,8,1,7,0,0,0,54,h
126,5,32,0.375,2,1,1,0,0,0,11,1,11,0,0,0,12,1,11,0,0,0,54,h
126,6,64,0.296875,2,1,1,0,0,0,18,1,18,0,0,0,19,1,18,0,0,0,54,h
126,7,128,0.234375,2,1,1,0,0,0,29,1,29,0,0,0,30,1,29,0,0,0,54,h
126,8,256,0.1875,2,1,1,0,0,0,47,1,47,0,0,0,48,1,47,0,0,0,54,h
126,9,512,0.150390625,2,1,1,0,0,0,76,1,76,0,0,0,77,1,76,0,0,0,54,h
126,10,1024,0.12109375,2,1,1,0,0,0,123,1,123,0,0,0,124,1,123,0,0,0,54,h
126,11,2048,0.09765625,2,1,1,0,0,0,199,1,199,0,0,0,200,1,199,0,0,0,54,h
126,12,4096,0.078857421875,2,1,1,0,0,0,322,1,322,0,0,0,323,1,322,0,0,0,54,h
126,13,8192,0.063720703125,2,1,1,0,0,0,521,1,521,0,0,0,522,1,521,0,0,0,54,h
126,14,16384,0.051513671875,2,1,1,0,0,0,843,1,843,0,0,0,844,1,843,0,0,0,54,h
126,15,32768,0.041656494140625,2,1,1,0,0,0,1364,1,1364,0,0,0,1365,1,1364,0,0,0,54,h
160,3,8,0.25,2,2,0,0,0,0,1,1,0,0,0,0,2,2,0,0,0,0,51,h
160,4,16,0.125,2,2,0,0,0,0,1,1,0,0,0,0,2,2,0,0,0,0,51,h
160,5,32,0.0625,2,2,0,0,0,0,1,1,0,0,0,0,2,2,0,0,0,0,51,h
160,6,64,0.03125,2,2,0,0,0,0,1,1,0,0,0,0,2,2,0,0,0,0,51,h
160,7,128,0.015625,2,2,0,0,0,0,1,1,0,0,0,0,2,2,0,0,0,0,51,h
160,8,256,0.0078125,2,2,0,0,0,0,1,1,0,0,0,0,2,2,0,0,0,0,51,h
160,9,512,0.00390625,2,2,0,0,0,0,1,1,0,0,0,0,2,2,0,0,0,0,51,h
160,10,1024,0.001953125,2,2,0,0,0,0,1,1,0,0,0,0,2,2,0,0,0,0,51,h
160,11,2048,0.0009765625,2,2,0,0,0,0,1,1,0,0,0,0,2,2,0,0,0,0,51,h
160,12,4096,0.00048828125,2,2,0,0,0,0,1,1,0,0,0,0,2,2,0,0,0,0,51,h
160,13,8192,0.000244140625,2,2,0,0,0,0,1,1,0,0,0,0,2,2,0,0,0,0,51,h
160,14,16384,0.0001220703125,2,2,0,0,0,0,1,1,0,0,0,0,2,2,0,0,0,0,51,h
160,15,32768,6.103515625e-5,2,2,0,0,0,0,1,1,0,0,0,0,2,2,0,0,0,0,51,h
170,3,8,0.25,2,2,0,0,0,0,1,1,0,0,0,0,2,2,0,0,0,0,51,g
170,4,16,0.125,2,2,0,0,0,0,1,1,0,0,0,0,2,2,0,0,0,0,51,g
170,5,32,0.0625,2,2,0,0,0,0,1,1,0,0,0,0,2,2,0,0,0,0,51,g
170,6,64,0.03125,2,2,0,0,0,0,1,1,0,0,0,0,2,2,0,0,0,0,51,g
170,7,128,0.015625,2,2,0,0,0,0,1,1,0,0,0,0,2,2,0,0,0,0,51,g
170,8,256,0.0078125,2,2,0,0,0,0,1,1,0,0,0,0,2,2,0,0,0,0,51,g
170,9,512,0.00390625,2,2,0,0,0,0,1,1,0,0,0,0,2,2,0,0,0,0,51,g
170,10,1024,0.001953125,2,2,0,0,0,0,1,1,0,0,0,0,2,2,0,0,0,0,51,g
170,11,2048,0.0009765625,2,2,0,0,0,0,1,1,0,0,0,0,2,2,0,0,0,0,51,g
170,12,4096,0.00048828125,2,2,0,0,0,0,1,1,0,0,0,0,2,2,0,0,0,0,51,g
170,13,8192,0.000244140625,2,2,0,0,0,0,1,1,0,0,0,0,2,2,0,0,0,0,51,g
170,14,16384,0.0001220703125,2,2,0,0,0,0,1,1,0,0,0,0,2,2,0,0,0,0,51,g
170,15,32768,6.103515625e-5,2,2,0,0,0,0,1,1,0,0,0,0,2,2,0,0,0,0,51,g
184,3,8,0.25,2,2,0,0,0,0,1,1,0,0,0,0,2,2,0,0,0,0,57,f
184,4,16,0.125,2,2,0,0,0,0,1,1,0,0,0,0,2,2,0,0,0,0,57,f
184,5,32,0.0625,2,2,0,0,0,0,1,1,0,0,0,0,2,2,0,0,0,0,57,f
184,6,64,0.03125,2,2,0,0,0,0,1,1,0,0,0,0,2,2,0,0,0,0,57,f
184,7,128,0.015625,2,2,0,0,0,0,1,1,0,0,0,0,2,2,0,0,0,0,57,f
184,8,256,0.0078125,2,2,0,0,0,0,1,1,0,0,0,0,2,2,0,0,0,0,57,f
184,9,512,0.00390625,2,2,0,0,0,0,1,1,0,0,0,0,2,2,0,0,0,0,57,f
184,10,1024,0.001953125,2,2,0,0,0,0,1,1,0,0,0,0,2,2,0,0,0,0,57,f
184,11,2048,0.0009765625,2,2,0,0,0,0,1,1,0,0,0,0,2,2,0,0,0,0,57,f
184,12,4096,0.00048828125,2,2,0,0,0,0,1,1,0,0,0,0,2,2,0,0,0,0,57,f
184,13,8192,0.000244140625,2,2,0,0,0,0,1,1,0,0,0,0,2,2,0,0,0,0,57,f
184,14,16384,0.0001220703125,2,2,0,0,0,0,1,1,0,0,0,0,2,2,0,0,0,0,57,f
184,15,32768,6.103515625e-5,2,2,0,0,0,0,1,1,0,0,0,0,2,2,0,0,0,0,57,f
1,3,8,0.5,1,0,1,0,0,0,4,0,4,0,0,0,4,0,4,0,0,0,51,h
1,4,16,0.4375,1,0,1,0,0,0,7,0,7,0,0,0,7,0,7,0,0,0,51,h
1,5,32,0.34375,1,0,1,0,0,0,11,0,11,0,0,0,11,0,11,0,0,0,51,h
1,6,64,0.28125,1,0,1,0,0,0,18,0,18,0,0,0,18,0,18,0,0,0,51,h
1,7,128,0.2265625,1,0,1,0,0,0,29,0,29,0,0,0,29,0,29,0,0,0,51,h
1,8,256,0.18359375,1,0,1,0,0,0,47,0,47,0,0,0,47,0,47,0,0,0,51,h
1,9,512,0.1484375,1,0,1,0,0,0,76,0,76,0,0,0,76,0,76,0,0,0,51,h
1,10,1024,0.1201171875,1,0,1,0,0,0,123,0,123,0,0,0,123,0,123,0,0,0,51,h
1,11,2048,0.09716796875,1,0,1,0,0,0,199,0,199,0,0,0,199,0,199,0,0,0,51,h
1,12,4096,0.07861328125,1,0,1,0,0,0,322,0,322,0,0,0,322,0,322,0,0,0,51,h
1,13,8192,0.0635986328125,1,0,1,0,0,0,521,0,521,0,0,0,521,0,521,0,0,0,51,h
1,14,16384,0.05145263671875,1,0,1,0,0,0,843,0,843,0,0,0,843,0,843,0,0,0,51,h
1,15,32768,0.0416259765625,1,0,1,0,0,0,1364,0,1364,0,0,0,1364,0,1364,0,0,0,51,h
22,3,8,0.875,2,1,1,0,1,0,6,1,6,0,6,0,7,1,6,0,6,0,54,h
22,4,16,0.1875,3,3,0,0,0,0,1,1,0,0,0,0,3,3,0,0,0,0,54,h
22,5,32,0.34375,2,1,1,0,1,0,10,1,10,0,10,0,11,1,10,0,10,0,54,h
22,6,64,0.046875,3,3,0,0,0,0,1,1,0,0,0,0,3,3,0,0,0,0,54,h
22,7,128,0.1171875,2,1,1,0,1,0,14,1,14,0,14,0,15,1,14,0,14,0,54,h
22,8,256,0.01171875,3,3,0,0,0,0,1,1,0,0,0,0,3,3,0,0,0,0,54,h
22,9,512,0.037109375,2,1,1,0,1,0,18,1,18,0,18,0,19,1,18,0,18,0,54,h
22,10,1024,0.0029296875,3,3,0,0,0,0,1,1,0,0,0,0,3,3,0,0,0,0,54,h
22,11,2048,0.01123046875,2,1,1,0,1,0,22,1,22,0,22,0,23,1,22,0,22,0,54,h
22,12,4096,0.000732421875,3,3,0,0,0,0,1,1,0,0,0,0,3,3,0,0,0,0,54,h
22,13,8192,0.0032958984375,2,1,1,0,1,0,26,1,26,0,26,0,27,1,26,0,26,0,54,h
22,14,16384,0.00018310546875,3,3,0,0,0,0,1,1,0,0,0,0,3,3,0,0,0,0,54,h
22,15,32768,0.000946044921875,2,1,1,0,1,0,30,1,30,0,30,0,31,1,30,0,30,0,54,h
32,3,8,0.125,1,1,0,0,0,0,1,1,0,0,0,0,1,1,0,0,0,0,51,h
32,4,16,0.0625,1,1,0,0,0,0,1,1,0,0,0,0,1,1,0,0,0,0,51,h
32,5,32,0.03125,1,1,0,0,0,0,1,1,0,0,0,0,1,1,0,0,0,0,51,h
32,6,64,0.015625,1,1,0,0,0,0,1,1,0,0,0,0,1,1,0,0,0,0,51,h
32,7,128,0.0078125,1,1,0,0,0,0,1,1,0,0,0,0,1,1,0,0,0,0,51,h
32,8,256,0.00390625,1,1,0,0,0,0,1,1,0,0,0,0,1,1,0,0,0,0,51,h
32,9,512,0.001953125,1,1,0,0,0,0,1,1,0,0,0,0,1,1,0,0,0,0,51,h
32,10,1024,0.0009765625,1,1,0,0,0,0,1,1,0,0,0,0,1,1,0,0,0,0,51,h
32,11,2048,0.00048828125,1,1,0,0,0,0,1,1,0,0,0,0,1,1,0,0,0,0,51,h
32,12,4096,0.000244140625,1,1,0,0,0,0,1,1,0,0,0,0,1,1,0,0,0,0,51,h
32,13,8192,0.0001220703125,1,1,0,0,0,0,1,1,0,0,0,0,1,1,0,0,0,0,51,h
32,14,16384,6.103515625e-5,1,1,0,0,0,0,1,1,0,0,0,0,1,1,0,0,0,0,51,h
32,15,32768,3.0517578125e-5,1,1,0,0,0,0,1,1,0,0,0,0,1,1,0,0,0,0,51,h
37,3,8,0.375,3,3,0,0,0,0,1,1,0,0,0,0,3,3,0,0,0,0,51,h
37,4,16,0.9375,1,0,0,1,0,0,15,0,0,15,0,0,15,0,0,15,0,0,51,h
37,5,32,0.96875,1,0,0,1,0,0,31,0,0,31,0,0,31,0,0,31,0,0,51,h
37,6,64,0.046875,3,3,0,0,0,0,1,1,0,0,0,0,3,3,0,0,0,0,51,h
37,7,128,0.9921875,1,0,0,1,0,0,127,0,0,127,0,0,127,0,0,127,0,0,51,h
37,8,256,0.99609375,1,0,0,1,0,0,255,0,0,255,0,0,255,0,0,255,0,0,51,h
37,9,512,0.005859375,3,3,0,0,0,0,1,1,0,0,0,0,3,3,0,0,0,0,51,h
37,10,1024,0.9990234375,1,0,0,1,0,0,1023,0,0,1023,0,0,1023,0,0,1023,0,0,51,h
37,11,2048,0.99951171875,1,0,0,1,0,0,2047,0,0,2047,0,0,2047,0,0,2047,0,0,51,h
37,12,4096,0.000732421875,3,3,0,0,0,0,1,1,0,0,0,0,3,3,0,0,0,0,51,h
37,13,8192,0.9998779296875,1,0,0,1,0,0,8191,0,0,8191,0,0,8191,0,0,8191,0,0,51,h
37,14,16384,0.99993896484375,1,0,0,1,0,0,16383,0,0,16383,0,0,16383,0,0,16383,0,0,51,h
37,15,32768,9.1552734375e-5,3,3,0,0,0,0,1,1,0,0,0,0,3,3,0,0,0,0,51,h
122,3,8,0.625,2,1,1,0,0,0,4,1,4,0,0,0,5,1,4,0,0,0,51,h
122,4,16,0.0625,1,1,0,0,0,0,1,1,0,0,0,0,1,1,0,0,0,0,51,h
122,5,32,0.03125,1,1,0,0,0,0,1,1,0,0,0,0,1,1,0,0,0,0,51,h
122,6,64,0.015625,1,1,0,0,0,0,1,1,0,0,0,0,1,1,0,0,0,0,51,h
122,7,128,0.0078125,1,1,0,0,0,0,1,1,0,0,0,0,1,1,0,0,0,0,51,h
122,8,256,0.00390625,1,1,0,0,0,0,1,1,0,0,0,0,1,1,0,0,0,0,51,h
122,9,512,0.001953125,1,1,0,0,0,0,1,1,0,0,0,0,1,1,0,0,0,0,51,h
122,10,1024,0.0009765625,1,1,0,0,0,0,1,1,0,0,0,0,1,1,0,0,0,0,51,h
122,11,2048,0.00048828125,1,1,0,0,0,0,1,1,0,0,0,0,1,1,0,0,0,0,51,h
122,12,4096,0.000244140625,1,1,0,0,0,0,1,1,0,0,0,0,1,1,0,0,0,0,51,h
122,13,8192,0.0001220703125,1,1,0,0,0,0,1,1,0,0,0,0,1,1,0,0,0,0,51,h
122,14,16384,6.103515625e-5,1,1,0,0,0,0,1,1,0,0,0,0,1,1,0,0,0,0,51,h
122,15,32768,3.0517578125e-5,1,1,0,0,0,0,1,1,0,0,0,0,1,1,0,0,0,0,51,h
146,3,8,0.25,2,2,0,0,0,0,1,1,0,0,0,0,2,2,0,0,0,0,54,h
146,4,16,0.125,2,2,0,0,0,0,1,1,0,0,0,0,2,2,0,0,0,0,54,h
146,5,32,0.0625,2,2,0,0,0,0,1,1,0,0,0,0,2,2,0,0,0,0,54,h
146,6,64,0.03125,2,2,0,0,0,0,1,1,0,0,0,0,2,2,0,0,0,0,54,h
146,7,128,0.015625,2,2,0,0,0,0,1,1,0,0,0,0,2,2,0,0,0,0,54,h
146,8,256,0.0078125,2,2,0,0,0,0,1,1,0,0,0,0,2,2,0,0,0,0,54,h
146,9,512,0.00390625,2,2,0,0,0,0,1,1,0,0,0,0,2,2,0,0,0,0,54,h
146,10,1024,0.001953125,2,2,0,0,0,0,1,1,0,0,0,0,2,2,0,0,0,0,54,h
146,11,2048,0.0009765625,2,2,0,0,0,0,1,1,0,0,0,0,2,2,0,0,0,0,54,h
146,12,4096,0.00048828125,2,2,0,0,0,0,1,1,0,0,0,0,2,2,0,0,0,0,54,h
146,13,8192,0.000244140625,2,2,0,0,0,0,1,1,0,0,0,0,2,2,0,0,0,0,54,h
146,14,16384,0.0001220703125,2,2,0,0,0,0,1,1,0,0,0,0,2,2,0,0,0,0,54,h
146,15,32768,6.103515625e-5,2,2,0,0,0,0,1,1,0,0,0,0,2,2,0,0,0,0,54,h
18,3,8,0.125,1,1,0,0,0,0,1,1,0,0,0,0,1,1,0,0,0,0,51,h
18,4,16,0.0625,1,1,0,0,0,0,1,1,0,0,0,0,1,1,0,0,0,0,51,h
18,5,32,0.03125,1,1,0,0,0,0,1,1,0,0,0,0,1,1,0,0,0,0,51,h
18,6,64,0.015625,1,1,0,0,0,0,1,1,0,0,0,0,1,1,0,0,0,0,51,h
18,7,128,0.0078125,1,1,0,0,0,0,1,1,0,0,0,0,1,1,0,0,0,0,51,h
18,8,256,0.00390625,1,1,0,0,0,0,1,1,0,0,0,0,1,1,0,0,0,0,51,h
18,9,512,0.001953125,1,1,0,0,0,0,1,1,0,0,0,0,1,1,0,0,0,0,51,h
18,10,1024,0.0009765625,1,1,0,0,0,0,1,1,0,0,0,0,1,1,0,0,0,0,51,h
18,11,2048,0.00048828125,1,1,0,0,0,0,1,1,0,0,0,0,1,1,0,0,0,0,51,h
18,12,4096,0.000244140625,1,1,0,0,0,0,1,1,0,0,0,0,1,1,0,0,0,0,51,h
18,13,8192,0.0001220703125,1,1,0,0,0,0,1,1,0,0,0,0,1,1,0,0,0,0,51,h
18,14,16384,6.103515625e-5,1,1,0,0,0,0,1,1,0,0,0,0,1,1,0,0,0,0,51,h
18,15,32768,3.0517578125e-5,1,1,0,0,0,0,1,1,0,0,0,0,1,1,0,0,0,0,51,h
33,3,8,0.5,1,0,1,0,0,0,4,0,4,0,0,0,4,0,4,0,0,0,51,h
33,4,16,1.0,1,0,0,1,0,0,16,0,0,16,0,0,16,0,0,16,0,0,51,h
33,5,32,1.0,1,0,0,1,0,0,32,0,0,32,0,0,32,0,0,32,0,0,51,h
33,6,64,1.0,1,0,0,1,0,0,64,0,0,64,0,0,64,0,0,64,0,0,51,h
33,7,128,1.0,1,0,0,1,0,0,128,0,0,128,0,0,128,0,0,128,0,0,51,h
33,8,256,1.0,1,0,0,1,0,0,256,0,0,256,0,0,256,0,0,256,0,0,51,h
33,9,512,1.0,1,0,0,1,0,0,512,0,0,512,0,0,512,0,0,512,0,0,51,h
33,10,1024,1.0,1,0,0,1,0,0,1024,0,0,1024,0,0,1024,0,0,1024,0,0,51,h
33,11,2048,1.0,1,0,0,1,0,0,2048,0,0,2048,0,0,2048,0,0,2048,0,0,51,h
33,12,4096,1.0,1,0,0,1,0,0,4096,0,0,4096,0,0,4096,0,0,4096,0,0,51,h
33,13,8192,1.0,1,0,0,1,0,0,8192,0,0,8192,0,0,8192,0,0,8192,0,0,51,h
33,14,16384,1.0,1,0,0,1,0,0,16384,0,0,16384,0,0,16384,0,0,16384,0,0,51,h
33,15,32768,1.0,1,0,0,1,0,0,32768,0,0,32768,0,0,32768,0,0,32768,0,0,51,h
43,3,8,1.0,1,0,0,1,0,0,8,0,0,8,0,0,8,0,0,8,0,0,51,g
43,4,16,1.0,1,0,0,1,0,0,16,0,0,16,0,0,16,0,0,16,0,0,51,g
43,5,32,1.0,1,0,0,1,0,0,32,0,0,32,0,0,32,0,0,32,0,0,51,g
43,6,64,1.0,1,0,0,1,0,0,64,0,0,64,0,0,64,0,0,64,0,0,51,g
43,7,128,1.0,1,0,0,1,0,0,128,0,0,128,0,0,128,0,0,128,0,0,51,g
43,8,256,1.0,1,0,0,1,0,0,256,0,0,256,0,0,256,0,0,256,0,0,51,g
43,9,512,1.0,1,0,0,1,0,0,512,0,0,512,0,0,512,0,0,512,0,0,51,g
43,10,1024,1.0,1,0,0,1,0,0,1024,0,0,1024,0,0,1024,0,0,1024,0,0,51,g
43,11,2048,1.0,1,0,0,1,0,0,2048,0,0,2048,0,0,2048,0,0,2048,0,0,51,g
43,12,4096,1.0,1,0,0,1,0,0,4096,0,0,4096,0,0,4096,0,0,4096,0,0,51,g
43,13,8192,1.0,1,0,0,1,0,0,8192,0,0,8192,0,0,8192,0,0,8192,0,0,51,g
43,14,16384,1.0,1,0,0,1,0,0,16384,0,0,16384,0,0,16384,0,0,16384,0,0,51,g
43,15,32768,1.0,1,0,0,1,0,0,32768,0,0,32768,0,0,32768,0,0,32768,0,0,51,g
54,3,8,1.0,2,1,1,0,0,0,7,1,7,0,0,0,8,1,7,0,0,0,54,h
54,4,16,1.0,2,1,1,0,0,0,15,1,15,0,0,0,16,1,15,0,0,0,54,h
54,5,32,1.0,2,1,1,0,0,0,31,1,31,0,0,0,32,1,31,0,0,0,54,h
54,6,64,1.0,2,1,1,0,0,0,63,1,63,0,0,0,64,1,63,0,0,0,54,h
54,7,128,1.0,2,1,1,0,0,0,127,1,127,0,0,0,128,1,127,0,0,0,54,h
54,8,256,1.0,2,1,1,0,0,0,255,1,255,0,0,0,256,1,255,0,0,0,54,h
54,9,512,1.0,2,1,1,0,0,0,511,1,511,0,0,0,512,1,511,0,0,0,54,h
54,10,1024,1.0,2,1,1,0,0,0,1023,1,1023,0,0,0,1024,1,1023,0,0,0,54,h
54,11,2048,1.0,2,1,1,0,0,0,2047,1,2047,0,0,0,2048,1,2047,0,0,0,54,h
54,12,4096,1.0,2,1,1,0,0,0,4095,1,4095,0,0,0,4096,1,4095,0,0,0,54,h
54,13,8192,1.0,2,1,1,0,0,0,8191,1,8191,0,0,0,8192,1,8191,0,0,0,54,h
54,14,16384,1.0,2,1,1,0,0,0,16383,1,16383,0,0,0,16384,1,16383,0,0,0,54,h
54,15,32768,1.0,2,1,1,0,0,0,32767,1,32767,0,0,0,32768,1,32767,0,0,0,54,h
57,3,8,1.0,1,0,1,0,0,0,8,0,8,0,0,0,8,0,8,0,0,0,57,f
57,4,16,1.0,1,0,1,0,0,0,16,0,16,0,0,0,16,0,16,0,0,0,57,f
57,5,32,1.0,1,0,1,0,0,0,32,0,32,0,0,0,32,0,32,0,0,0,57,f
57,6,64,1.0,1,0,1,0,0,0,64,0,64,0,0,0,64,0,64,0,0,0,57,f
57,7,128,1.0,1,0,1,0,0,0,128,0,128,0,0,0,128,0,128,0,0,0,57,f
57,8,256,1.0,1,0,1,0,0,0,256,0,256,0,0,0,256,0,256,0,0,0,57,f
57,9,512,1.0,1,0,1,0,0,0,512,0,512,0,0,0,512,0,512,0,0,0,57,f
57,10,1024,1.0,1,0,1,0,0,0,1024,0,1024,0,0,0,1024,0,1024,0,0,0,57,f
57,11,2048,1.0,1,0,1,0,0,0,2048,0,2048,0,0,0,2048,0,2048,0,0,0,57,f
57,12,4096,1.0,1,0,1,0,0,0,4096,0,4096,0,0,0,4096,0,4096,0,0,0,57,f
57,13,8192,1.0,1,0,1,0,0,0,8192,0,8192,0,0,0,8192,0,8192,0,0,0,57,f
57,14,16384,1.0,1,0,1,0,0,0,16384,0,16384,0,0,0,16384,0,16384,0,0,0,57,f
57,15,32768,1.0,1,0,1,0,0,0,32768,0,32768,0,0,0,32768,0,32768,0,0,0,57,f
19,3,8,0.875,1,0,1,0,0,0,7,0,7,0,0,0,7,0,7,0,0,0,51,h
19,4,16,0.9375,1,0,0,1,0,0,15,0,0,15,0,0,15,0,0,15,0,0,51,h
19,5,32,0.96875,1,0,0,1,0,0,31,0,0,31,0,0,31,0,0,31,0,0,51,h
19,6,64,0.984375,1,0,0,1,0,0,63,0,0,63,0,0,63,0,0,63,0,0,51,h
19,7,128,0.9921875,1,0,0,1,0,0,127,0,0,127,0,0,127,0,0,127,0,0,51,h
19,8,256,0.99609375,1,0,0,1,0,0,255,0,0,255,0,0,255,0,0,255,0,0,51,h
19,9,512,0.998046875,1,0,0,1,0,0,511,0,0,511,0,0,511,0,0,511,0,0,51,h
19,10,1024,0.9990234375,1,0,0,1,0,0,1023,0,0,1023,0,0,1023,0,0,1023,0,0,51,h
19,11,2048,0.99951171875,1,0,0,1,0,0,2047,0,0,2047,0,0,2047,0,0,2047,0,0,51,h
19,12,4096,0.999755859375,1,0,0,1,0,0,4095,0,0,4095,0,0,4095,0,0,4095,0,0,51,h
19,13,8192,0.9998779296875,1,0,0,1,0,0,8191,0,0,8191,0,0,8191,0,0,8191,0,0,51,h
19,14,16384,0.99993896484375,1,0,0,1,0,0,16383,0,0,16383,0,0,16383,0,0,16383,0,0,51,h
19,15,32768,0.999969482421875,1,0,0,1,0,0,32767,0,0,32767,0,0,32767,0,0,32767,0,0,51,h
50,3,8,0.125,1,1,0,0,0,0,1,1,0,0,0,0,1,1,0,0,0,0,51,h
50,4,16,0.0625,1,1,0,0,0,0,1,1,0,0,0,0,1,1,0,0,0,0,51,h
50,5,32,0.03125,1,1,0,0,0,0,1,1,0,0,0,0,1,1,0,0,0,0,51,h
50,6,64,0.015625,1,1,0,0,0,0,1,1,0,0,0,0,1,1,0,0,0,0,51,h
50,7,128,0.0078125,1,1,0,0,0,0,1,1,0,0,0,0,1,1,0,0,0,0,51,h
50,8,256,0.00390625,1,1,0,0,0,0,1,1,0,0,0,0,1,1,0,0,0,0,51,h
50,9,512,0.001953125,1,1,0,0,0,0,1,1,0,0,0,0,1,1,0,0,0,0,51,h
50,10,1024,0.0009765625,1,1,0,0,0,0,1,1,0,0,0,0,1,1,0,0,0,0,51,h
50,11,2048,0.00048828125,1,1,0,0,0,0,1,1,0,0,0,0,1,1,0,0,0,0,51,h
50,12,4096,0.000244140625,1,1,0,0,0,0,1,1,0,0,0,0,1,1,0,0,0,0,51,h
50,13,8192,0.0001220703125,1,1,0,0,0,0,1,1,0,0,0,0,1,1,0,0,0,0,51,h
50,14,16384,6.103515625e-5,1,1,0,0,0,0,1,1,0,0,0,0,1,1,0,0,0,0,51,h
50,15,32768,3.0517578125e-5,1,1,0,0,0,0,1,1,0,0,0,0,1,1,0,0,0,0,51,h
2,3,8,0.125,1,1,0,0,0,0,1,1,0,0,0,0,1,1,0,0,0,0,51,none
2,4,16,0.0625,1,1,0,0,0,0,1,1,0,0,0,0,1,1,0,0,0,0,51,none
2,5,32,0.03125,1,1,0,0,0,0,1,1,0,0,0,0,1,1,0,0,0,0,51,none
2,6,64,0.015625,1,1,0,0,0,0,1,1,0,0,0,0,1,1,0,0,0,0,51,none
2,7,128,0.0078125,1,1,0,0,0,0,1,1,0,0,0,0,1,1,0,0,0,0,51,none
2,8,256,0.00390625,1,1,0,0,0,0,1,1,0,0,0,0,1,1,0,0,0,0,51,none
2,9,512,0.001953125,1,1,0,0,0,0,1,1,0,0,0,0,1,1,0,0,0,0,51,none
2,10,1024,0.0009765625,1,1,0,0,0,0,1,1,0,0,0,0,1,1,0,0,0,0,51,none
2,11,2048,0.00048828125,1,1,0,0,0,0,1,1,0,0,0,0,1,1,0,0,0,0,51,none
2,12,4096,0.000244140625,1,1,0,0,0,0,1,1,0,0,0,0,1,1,0,0,0,0,51,none
2,13,8192,0.0001220703125,1,1,0,0,0,0,1,1,0,0,0,0,1,1,0,0,0,0,51,none
2,14,16384,6.103515625e-5,1,1,0,0,0,0,1,1,0,0,0,0,1,1,0,0,0,0,51,none
2,15,32768,3.0517578125e-5,1,1,0,0,0,0,1,1,0,0,0,0,1,1,0,0,0,0,51,none
3,3,8,0.875,1,0,0,1,0,0,7,0,0,7,0,0,7,0,0,7,0,0,51,none
3,4,16,0.9375,1,0,0,1,0,0,15,0,0,15,0,0,15,0,0,15,0,0,51,none
3,5,32,0.96875,1,0,0,1,0,0,31,0,0,31,0,0,31,0,0,31,0,0,51,none
3,6,64,0.984375,1,0,0,1,0,0,63,0,0,63,0,0,63,0,0,63,0,0,51,none
3,7,128,0.9921875,1,0,0,1,0,0,127,0,0,127,0,0,127,0,0,127,0,0,51,none
3,8,256,0.99609375,1,0,0,1,0,0,255,0,0,255,0,0,255,0,0,255,0,0,51,none
3,9,512,0.998046875,1,0,0,1,0,0,511,0,0,511,0,0,511,0,0,511,0,0,51,none
3,10,1024,0.9990234375,1,0,0,1,0,0,1023,0,0,1023,0,0,1023,0,0,1023,0,0,51,none
3,11,2048,0.99951171875,1,0,0,1,0,0,2047,0,0,2047,0,0,2047,0,0,2047,0,0,51,none
3,12,4096,0.999755859375,1,0,0,1,0,0,4095,0,0,4095,0,0,4095,0,0,4095,0,0,51,none
3,13,8192,0.9998779296875,1,0,0,1,0,0,8191,0,0,8191,0,0,8191,0,0,8191,0,0,51,none
3,14,16384,0.99993896484375,1,0,0,1,0,0,16383,0,0,16383,0,0,16383,0,0,16383,0,0,51,none
3,15,32768,0.999969482421875,1,0,0,1,0,0,32767,0,0,32767,0,0,32767,0,0,32767,0,0,51,none
6,3,8,0.875,2,1,0,1,0,1,6,1,0,6,0,6,7,1,0,6,0,6,54,none
6,4,16,0.1875,3,3,0,0,0,0,1,1,0,0,0,0,3,3,0,0,0,0,54,none
6,5,32,0.34375,2,1,0,1,0,1,10,1,0,10,0,10,11,1,0,10,0,10,54,none
6,6,64,0.046875,3,3,0,0,0,0,1,1,0,0,0,0,3,3,0,0,0,0,54,none
6,7,128,0.1171875,2,1,0,1,0,1,14,1,0,14,0,14,15,1,0,14,0,14,54,none
6,8,256,0.01171875,3,3,0,0,0,0,1,1,0,0,0,0,3,3,0,0,0,0,54,none
6,9,512,0.037109375,2,1,0,1,0,1,18,1,0,18,0,18,19,1,0,18,0,18,54,none
6,10,1024,0.0029296875,3,3,0,0,0,0,1,1,0,0,0,0,3,3,0,0,0,0,54,none
6,11,2048,0.01123046875,2,1,0,1,0,1,22,1,0,22,0,22,23,1,0,22,0,22,54,none
6,12,4096,0.000732421875,3,3,0,0,0,0,1,1,0,0,0,0,3,3,0,0,0,0,54,none
6,13,8192,0.0032958984375,2,1,0,1,0,1,26,1,0,26,0,26,27,1,0,26,0,26,54,none
6,14,16384,0.00018310546875,3,3,0,0,0,0,1,1,0,0,0,0,3,3,0,0,0,0,54,none
6,15,32768,0.000946044921875,2,1,0,1,0,1,30,1,0,30,0,30,31,1,0,30,0,30,54,none
7,3,8,0.75,1,0,0,1,0,1,6,0,0,6,0,6,6,0,0,6,0,6,51,none
7,4,16,0.125,2,2,0,0,0,0,1,1,0,0,0,0,2,2,0,0,0,0,51,none
7,5,32,0.3125,1,0,0,1,0,1,10,0,0,10,0,10,10,0,0,10,0,10,51,none
7,6,64,0.03125,2,2,0,0,0,0,1,1,0,0,0,0,2,2,0,0,0,0,51,none
7,7,128,0.109375,1,0,0,1,0,1,14,0,0,14,0,14,14,0,0,14,0,14,51,none
7,8,256,0.0078125,2,2,0,0,0,0,1,1,0,0,0,0,2,2,0,0,0,0,51,none
7,9,512,0.03515625,1,0,0,1,0,1,18,0,0,18,0,18,18,0,0,18,0,18,51,none
7,10,1024,0.001953125,2,2,0,0,0,0,1,1,0,0,0,0,2,2,0,0,0,0,51,none
7,11,2048,0.0107421875,1,0,0,1,0,1,22,0,0,22,0,22,22,0,0,22,0,22,51,none
7,12,4096,0.00048828125,2,2,0,0,0,0,1,1,0,0,0,0,2,2,0,0,0,0,51,none
7,13,8192,0.003173828125,1,0,0,1,0,1,26,0,0,26,0,26,26,0,0,26,0,26,51,none
7,14,16384,0.0001220703125,2,2,0,0,0,0,1,1,0,0,0,0,2,2,0,0,0,0,51,none
7,15,32768,0.00091552734375,1,0,0,1,0,1,30,0,0,30,0,30,30,0,0,30,0,30,51,none
8,3,8,0.125,1,1,0,0,0,0,1,1,0,0,0,0,1,1,0,0,0,0,57,none
8,4,16,0.0625,1,1,0,0,0,0,1,1,0,0,0,0,1,1,0,0,0,0,57,none
8,5,32,0.03125,1,1,0,0,0,0,1,1,0,0,0,0,1,1,0,0,0,0,57,none
8,6,64,0.015625,1,1,0,0,0,0,1,1,0,0,0,0,1,1,0,0,0,0,57,none
8,7,128,0.0078125,1,1,0,0,0,0,1,1,0,0,0,0,1,1,0,0,0,0,57,none
8,8,256,0.00390625,1,1,0,0,0,0,1,1,0,0,0,0,1,1,0,0,0,0,57,none
8,9,512,0.001953125,1,1,0,0,0,0,1,1,0,0,0,0,1,1,0,0,0,0,57,none
8,10,1024,0.0009765625,1,1,0,0,0,0,1,1,0,0,0,0,1,1,0,0,0,0,57,none
8,11,2048,0.00048828125,1,1,0,0,0,0,1,1,0,0,0,0,1,1,0,0,0,0,57,none
8,12,4096,0.000244140625,1,1,0,0,0,0,1,1,0,0,0,0,1,1,0,0,0,0,57,none
8,13,8192,0.0001220703125,1,1,0,0,0,0,1,1,0,0,0,0,1,1,0,0,0,0,57,none
8,14,16384,6.103515625e-5,1,1,0,0,0,0,1,1,0,0,0,0,1,1,0,0,0,0,57,none
8,15,32768,3.0517578125e-5,1,1,0,0,0,0,1,1,0,0,0,0,1,1,0,0,0,0,57,none
9,3,8,0.5,1,0,1,0,0,0,4,0,4,0,0,0,4,0,4,0,0,0,57,none
9,4,16,0.4375,1,0,1,0,0,0,7,0,7,0,0,0,7,0,7,0,0,0,57,none
9,5,32,0.34375,1,0,1,0,0,0,11,0,11,0,0,0,11,0,11,0,0,0,57,none
9,6,64,0.28125,1,0,1,0,0,0,18,0,18,0,0,0,18,0,18,0,0,0,57,none
9,7,128,0.2265625,1,0,1,0,0,0,29,0,29,0,0,0,29,0,29,0,0,0,57,none
9,8,256,0.18359375,1,0,1,0,0,0,47,0,47,0,0,0,47,0,47,0,0,0,57,none
9,9,512,0.1484375,1,0,1,0,0,0,76,0,76,0,0,0,76,0,76,0,0,0,57,none
9,10,1024,0.1201171875,1,0,1,0,0,0,123,0,123,0,0,0,123,0,123,0,0,0,57,none
9,11,2048,0.09716796875,1,0,1,0,0,0,199,0,199,0,0,0,199,0,199,0,0,0,57,none
9,12,4096,0.07861328125,1,0,1,0,0,0,322,0,322,0,0,0,322,0,322,0,0,0,57,none
9,13,8192,0.0635986328125,1,0,1,0,0,0,521,0,521,0,0,0,521,0,521,0,0,0,57,none
9,14,16384,0.05145263671875,1,0,1,0,0,0,843,0,843,0,0,0,843,0,843,0,0,0,57,none
9,15,32768,0.0416259765625,1,0,1,0,0,0,1364,0,1364,0,0,0,1364,0,1364,0,0,0,57,none
10,3,8,0.125,1,1,0,0,0,0,1,1,0,0,0,0,1,1,0,0,0,0,51,none
10,4,16,0.0625,1,1,0,0,0,0,1,1,0,0,0,0,1,1,0,0,0,0,51,none
10,5,32,0.03125,1,1,0,0,0,0,1,1,0,0,0,0,1,1,0,0,0,0,51,none
10,6,64,0.015625,1,1,0,0,0,0,1,1,0,0,0,0,1,1,0,0,0,0,51,none
10,7,128,0.0078125,1,1,0,0,0,0,1,1,0,0,0,0,1,1,0,0,0,0,51,none
10,8,256,0.00390625,1,1,0,0,0,0,1,1,0,0,0,0,1,1,0,0,0,0,51,none
10,9,512,0.001953125,1,1,0,0,0,0,1,1,0,0,0,0,1,1,0,0,0,0,51,none
10,10,1024,0.0009765625,1,1,0,0,0,0,1,1,0,0,0,0,1,1,0,0,0,0,51,none
10,11,2048,0.00048828125,1,1,0,0,0,0,1,1,0,0,0,0,1,1,0,0,0,0,51,none
10,12,4096,0.000244140625,1,1,0,0,0,0,1,1,0,0,0,0,1,1,0,0,0,0,51,none
10,13,8192,0.0001220703125,1,1,0,0,0,0,1,1,0,0,0,0,1,1,0,0,0,0,51,none
10,14,16384,6.103515625e-5,1,1,0,0,0,0,1,1,0,0,0,0,1,1,0,0,0,0,51,none
10,15,32768,3.0517578125e-5,1,1,0,0,0,0,1,1,0,0,0,0,1,1,0,0,0,0,51,none
11,3,8,0.875,1,0,0,1,0,0,7,0,0,7,0,0,7,0,0,7,0,0,51,none
11,4,16,0.9375,1,0,0,1,0,0,15,0,0,15,0,0,15,0,0,15,0,0,51,none
11,5,32,0.96875,1,0,0,1,0,0,31,0,0,31,0,0,31,0,0,31,0,0,51,none
11,6,64,0.984375,1,0,0,1,0,0,63,0,0,63,0,0,63,0,0,63,0,0,51,none
11,7,128,0.9921875,1,0,0,1,0,0,127,0,0,127,0,0,127,0,0,127,0,0,51,none
11,8,256,0.99609375,1,0,0,1,0,0,255,0,0,255,0,0,255,0,0,255,0,0,51,none
11,9,512,0.998046875,1,0,0,1,0,0,511,0,0,511,0,0,511,0,0,511,0,0,51,none
11,10,1024,0.9990234375,1,0,0,1,0,0,1023,0,0,1023,0,0,1023,0,0,1023,0,0,51,none
11,11,2048,0.99951171875,1,0,0,1,0,0,2047,0,0,2047,0,0,2047,0,0,2047,0,0,51,none
11,12,4096,0.999755859375,1,0,0,1,0,0,4095,0,0,4095,0,0,4095,0,0,4095,0,0,51,none
11,13,8192,0.9998779296875,1,0,0,1,0,0,8191,0,0,8191,0,0,8191,0,0,8191,0,0,51,none
11,14,16384,0.99993896484375,1,0,0,1,0,0,16383,0,0,16383,0,0,16383,0,0,16383,0,0,51,none
11,15,32768,0.999969482421875,1,0,0,1,0,0,32767,0,0,32767,0,0,32767,0,0,32767,0,0,51,none
12,3,8,0.5,4,4,0,0,0,0,1,1,0,0,0,0,4,4,0,0,0,0,60,none
12,4,16,0.4375,7,7,0,0,0,0,1,1,0,0,0,0,7,7,0,0,0,0,60,none
12,5,32,0.34375,11,11,0,0,0,0,1,1,0,0,0,0,11,11,0,0,0,0,60,none
12,6,64,0.28125,18,18,0,0,0,0,1,1,0,0,0,0,18,18,0,0,0,0,60,none
12,7,128,0.2265625,29,29,0,0,0,0,1,1,0,0,0,0,29,29,0,0,0,0,60,none
12,8,256,0.18359375,47,47,0,0,0,0,1,1,0,0,0,0,47,47,0,0,0,0,60,none
12,9,512,0.1484375,76,76,0,0,0,0,1,1,0,0,0,0,76,76,0,0,0,0,60,none
12,10,1024,0.1201171875,123,123,0,0,0,0,1,1,0,0,0,0,123,123,0,0,0,0,60,none
12,11,2048,0.09716796875,199,199,0,0,0,0,1,1,0,0,0,0,199,199,0,0,0,0,60,none
12,12,4096,0.07861328125,322,322,0,0,0,0,1,1,0,0,0,0,322,322,0,0,0,0,60,none
12,13,8192,0.0635986328125,521,521,0,0,0,0,1,1,0,0,0,0,521,521,0,0,0,0,60,none
12,14,16384,0.05145263671875,843,843,0,0,0,0,1,1,0,0,0,0,843,843,0,0,0,0,60,none
12,15,32768,0.0416259765625,1364,1364,0,0,0,0,1,1,0,0,0,0,1364,1364,0,0,0,0,60,none
13,3,8,0.375,3,3,0,0,0,0,1,1,0,0,0,0,3,3,0,0,0,0,57,none
13,4,16,0.125,2,2,0,0,0,0,1,1,0,0,0,0,2,2,0,0,0,0,57,none
13,5,32,0.15625,5,5,0,0,0,0,1,1,0,0,0,0,5,5,0,0,0,0,57,none
13,6,64,0.078125,5,5,0,0,0,0,1,1,0,0,0,0,5,5,0,0,0,0,57,none
13,7,128,0.0546875,7,7,0,0,0,0,1,1,0,0,0,0,7,7,0,0,0,0,57,none
13,8,256,0.0390625,10,10,0,0,0,0,1,1,0,0,0,0,10,10,0,0,0,0,57,none
13,9,512,0.0234375,12,12,0,0,0,0,1,1,0,0,0,0,12,12,0,0,0,0,57,none
13,10,1024,0.0166015625,17,17,0,0,0,0,1,1,0,0,0,0,17,17,0,0,0,0,57,none
13,11,2048,0.0107421875,22,22,0,0,0,0,1,1,0,0,0,0,22,22,0,0,0,0,57,none
13,12,4096,0.007080078125,29,29,0,0,0,0,1,1,0,0,0,0,29,29,0,0,0,0,57,none
13,13,8192,0.0047607421875,39,39,0,0,0,0,1,1,0,0,0,0,39,39,0,0,0,0,57,none
13,14,16384,0.00311279296875,51,51,0,0,0,0,1,1,0,0,0,0,51,51,0,0,0,0,57,none
13,15,32768,0.0020751953125,68,68,0,0,0,0,1,1,0,0,0,0,68,68,0,0,0,0,57,none
14,3,8,0.875,2,1,0,1,0,1,6,1,0,6,0,6,7,1,0,6,0,6,54,none
14,4,16,0.1875,3,3,0,0,0,0,1,1,0,0,0,0,3,3,0,0,0,0,54,none
14,5,32,0.34375,2,1,0,1,0,1,10,1,0,10,0,10,11,1,0,10,0,10,54,none
14,6,64,0.046875,3,3,0,0,0,0,1,1,0,0,0,0,3,3,0,0,0,0,54,none
14,7,128,0.1171875,2,1,0,1,0,1,14,1,0,14,0,14,15,1,0,14,0,14,54,none
14,8,256,0.01171875,3,3,0,0,0,0,1,1,0,0,0,0,3,3,0,0,0,0,54,none
14,9,512,0.037109375,2,1,0,1,0,1,18,1,0,18,0,18,19,1,0,18,0,18,54,none
14,10,1024,0.0029296875,3,3,0,0,0,0,1,1,0,0,0,0,3,3,0,0,0,0,54,none
14,11,2048,0.01123046875,2,1,0,1,0,1,22,1,0,22,0,22,23,1,0,22,0,22,54,none
14,12,4096,0.000732421875,3,3,0,0,0,0,1,1,0,0,0,0,3,3,0,0,0,0,54,none
14,13,8192,0.0032958984375,2,1,0,1,0,1,26,1,0,26,0,26,27,1,0,26,0,26,54,none
14,14,16384,0.00018310546875,3,3,0,0,0,0,1,1,0,0,0,0,3,3,0,0,0,0,54,none
14,15,32768,0.000946044921875,2,1,0,1,0,1,30,1,0,30,0,30,31,1,0,30,0,30,54,none
24,3,8,0.125,1,1,0,0,0,0,1,1,0,0,0,0,1,1,0,0,0,0,57,none
24,4,16,0.0625,1,1,0,0,0,0,1,1,0,0,0,0,1,1,0,0,0,0,57,none
24,5,32,0.03125,1,1,0,0,0,0,1,1,0,0,0,0,1,1,0,0,0,0,57,none
24,6,64,0.015625,1,1,0,0,0,0,1,1,0,0,0,0,1,1,0,0,0,0,57,none
24,7,128,0.0078125,1,1,0,0,0,0,1,1,0,0,0,0,1,1,0,0,0,0,57,none
24,8,256,0.00390625,1,1,0,0,0,0,1,1,0,0,0,0,1,1,0,0,0,0,57,none
24,9,512,0.001953125,1,1,0,0,0,0,1,1,0,0,0,0,1,1,0,0,0,0,57,none
24,10,1024,0.0009765625,1,1,0,0,0,0,1,1,0,0,0,0,1,1,0,0,0,0,57,none
24,11,2048,0.00048828125,1,1,0,0,0,0,1,1,0,0,0,0,1,1,0,0,0,0,57,none
24,12,4096,0.000244140625,1,1,0,0,0,0,1,1,0,0,0,0,1,1,0,0,0,0,57,none
24,13,8192,0.0001220703125,1,1,0,0,0,0,1,1,0,0,0,0,1,1,0,0,0,0,57,none
24,14,16384,6.103515625e-5,1,1,0,0,0,0,1,1,0,0,0,0,1,1,0,0,0,0,57,none
24,15,32768,3.0517578125e-5,1,1,0,0,0,0,1,1,0,0,0,0,1,1,0,0,0,0,57,none
25,3,8,0.875,1,0,1,0,0,0,7,0,7,0,0,0,7,0,7,0,0,0,57,none
25,4,16,0.9375,1,0,0,1,0,0,15,0,0,15,0,0,15,0,0,15,0,0,57,none
25,5,32,0.96875,1,0,0,1,0,0,31,0,0,31,0,0,31,0,0,31,0,0,57,none
25,6,64,0.984375,1,0,0,1,0,0,63,0,0,63,0,0,63,0,0,63,0,0,57,none
25,7,128,0.9921875,1,0,0,1,0,0,127,0,0,127,0,0,127,0,0,127,0,0,57,none
25,8,256,0.99609375,1,0,0,1,0,0,255,0,0,255,0,0,255,0,0,255,0,0,57,none
25,9,512,0.998046875,1,0,0,1,0,0,511,0,0,511,0,0,511,0,0,511,0,0,57,none
25,10,1024,0.9990234375,1,0,0,1,0,0,1023,0,0,1023,0,0,1023,0,0,1023,0,0,57,none
25,11,2048,0.99951171875,1,0,0,1,0,0,2047,0,0,2047,0,0,2047,0,0,2047,0,0,57,none
25,12,4096,0.999755859375,1,0,0,1,0,0,4095,0,0,4095,0,0,4095,0,0,4095,0,0,57,none
25,13,8192,0.9998779296875,1,0,0,1,0,0,8191,0,0,8191,0,0,8191,0,0,8191,0,0,57,none
25,14,16384,0.99993896484375,1,0,0,1,0,0,16383,0,0,16383,0,0,16383,0,0,16383,0,0,57,none
25,15,32768,0.999969482421875,1,0,0,1,0,0,32767,0,0,32767,0,0,32767,0,0,32767,0,0,57,none
26,3,8,0.125,1,1,0,0,0,0,1,1,0,0,0,0,1,1,0,0,0,0,51,none
26,4,16,0.0625,1,1,0,0,0,0,1,1,0,0,0,0,1,1,0,0,0,0,51,none
26,5,32,0.03125,1,1,0,0,0,0,1,1,0,0,0,0,1,1,0,0,0,0,51,none
26,6,64,0.015625,1,1,0,0,0,0,1,1,0,0,0,0,1,1,0,0,0,0,51,none
26,7,128,0.0078125,1,1,0,0,0,0,1,1,0,0,0,0,1,1,0,0,0,0,51,none
26,8,256,0.00390625,1,1,0,0,0,0,1,1,0,0,0,0,1,1,0,0,0,0,51,none
26,9,512,0.001953125,1,1,0,0,0,0,1,1,0,0,0,0,1,1,0,0,0,0,51,none
26,10,1024,0.0009765625,1,1,0,0,0,0,1,1,0,0,0,0,1,1,0,0,0,0,51,none
26,11,2048,0.00048828125,1,1,0,0,0,0,1,1,0,0,0,0,1,1,0,0,0,0,51,none
26,12,4096,0.000244140625,1,1,0,0,0,0,1,1,0,0,0,0,1,1,0,0,0,0,51,none
26,13,8192,0.0001220703125,1,1,0,0,0,0,1,1,0,0,0,0,1,1,0,0,0,0,51,none
26,14,16384,6.103515625e-5,1,1,0,0,0,0,1,1,0,0,0,0,1,1,0,0,0,0,51,none
26,15,32768,3.0517578125e-5,1,1,0,0,0,0,1,1,0,0,0,0,1,1,0,0,0,0,51,none
27,3,8,0.875,1,0,0,1,0,0,7,0,0,7,0,0,7,0,0,7,0,0,51,none
27,4,16,0.9375,1,0,0,1,0,0,15,0,0,15,0,0,15,0,0,15,0,0,51,none
27,5,32,0.96875,1,0,0,1,0,0,31,0,0,31,0,0,31,0,0,31,0,0,51,none
27,6,64,0.984375,1,0,0,1,0,0,63,0,0,63,0,0,63,0,0,63,0,0,51,none
27,7,128,0.9921875,1,0,0,1,0,0,127,0,0,127,0,0,127,0,0,127,0,0,51,none
27,8,256,0.99609375,1,0,0,1,0,0,255,0,0,255,0,0,255,0,0,255,0,0,51,none
27,9,512,0.998046875,1,0,0,1,0,0,511,0,0,511,0,0,511,0,0,511,0,0,51,none
27,10,1024,0.9990234375,1,0,0,1,0,0,1023,0,0,1023,0,0,1023,0,0,1023,0,0,51,none
27,11,2048,0.99951171875,1,0,0,1,0,0,2047,0,0,2047,0,0,2047,0,0,2047,0,0,51,none
27,12,4096,0.999755859375,1,0,0,1,0,0,4095,0,0,4095,0,0,4095,0,0,4095,0,0,51,none
27,13,8192,0.9998779296875,1,0,0,1,0,0,8191,0,0,8191,0,0,8191,0,0,8191,0,0,51,none
27,14,16384,0.99993896484375,1,0,0,1,0,0,16383,0,0,16383,0,0,16383,0,0,16383,0,0,51,none
27,15,32768,0.999969482421875,1,0,0,1,0,0,32767,0,0,32767,0,0,32767,0,0,32767,0,0,51,none
28,3,8,0.875,4,1,3,0,0,0,2,1,2,0,0,0,7,1,6,0,0,0,60,none
28,4,16,0.1875,3,3,0,0,0,0,1,1,0,0,0,0,3,3,0,0,0,0,60,none
28,5,32,0.34375,6,1,5,0,0,0,2,1,2,0,0,0,11,1,10,0,0,0,60,none
28,6,64,0.234375,6,3,3,0,3,0,4,1,4,0,4,0,15,3,12,0,12,0,60,none
28,7,128,0.1171875,8,1,7,0,0,0,2,1,2,0,0,0,15,1,14,0,0,0,60,none
28,8,256,0.13671875,11,3,8,0,8,0,4,1,4,0,4,0,35,3,32,0,32,0,60,none
28,9,512,0.083984375,13,1,12,0,0,0,8,1,8,0,0,0,43,1,42,0,0,0,60,none
28,10,1024,0.0615234375,18,3,15,0,15,0,4,1,4,0,4,0,63,3,60,0,60,0,60,none
28,11,2048,0.05419921875,23,1,22,0,0,0,8,1,8,0,0,0,111,1,110,0,0,0,60,none
28,12,4096,0.035888671875,30,3,27,0,24,0,16,1,16,0,4,0,147,3,144,0,96,0,60,none
28,13,8192,0.0286865234375,40,1,39,0,0,0,8,1,8,0,0,0,235,1,234,0,0,0,60,none
28,14,16384,0.02239990234375,52,3,49,0,35,0,16,1,16,0,4,0,367,3,364,0,140,0,60,none
28,15,32768,0.016082763671875,69,1,68,0,0,0,32,1,32,0,0,0,527,1,526,0,0,0,60,none
30,3,8,0.875,2,1,0,1,0,1,6,1,0,6,0,6,7,1,0,6,0,6,54,none
30,4,16,0.1875,3,3,0,0,0,0,1,1,0,0,0,0,3,3,0,0,0,0,54,none
30,5,32,0.34375,2,1,0,1,0,1,10,1,0,10,0,10,11,1,0,10,0,10,54,none
30,6,64,0.046875,3,3,0,0,0,0,1,1,0,0,0,0,3,3,0,0,0,0,54,none
30,7,128,0.1171875,2,1,0,1,0,1,14,1,0,14,0,14,15,1,0,14,0,14,54,none
30,8,256,0.01171875,3,3,0,0,0,0,1,1,0,0,0,0,3,3,0,0,0,0,54,none
30,9,512,0.037109375,2,1,0,1,0,1,18,1,0,18,0,18,19,1,0,18,0,18,54,none
30,10,1024,0.0029296875,3,3,0,0,0,0,1,1,0,0,0,0,3,3,0,0,0,0,54,none
30,11,2048,0.01123046875,2,1,0,1,0,1,22,1,0,22,0,22,23,1,0,22,0,22,54,none
30,12,4096,0.000732421875,3,3,0,0,0,0,1,1,0,0,0,0,3,3,0,0,0,0,54,none
30,13,8192,0.0032958984375,2,1,0,1,0,1,26,1,0,26,0,26,27,1,0,26,0,26,54,none
30,14,16384,0.00018310546875,3,3,0,0,0,0,1,1,0,0,0,0,3,3,0,0,0,0,54,none
30,15,32768,0.000946044921875,2,1,0,1,0,1,30,1,0,30,0,30,31,1,0,30,0,30,54,none
34,3,8,0.125,1,1,0,0,0,0,1,1,0,0,0,0,1,1,0,0,0,0,51,none
34,4,16,0.0625,1,1,0,0,0,0,1,1,0,0,0,0,1,1,0,0,0,0,51,none
34,5,32,0.03125,1,1,0,0,0,0,1,1,0,0,0,0,1,1,0,0,0,0,51,none
34,6,64,0.015625,1,1,0,0,0,0,1,1,0,0,0,0,1,1,0,0,0,0,51,none
34,7,128,0.0078125,1,1,0,0,0,0,1,1,0,0,0,0,1,1,0,0,0,0,51,none
34,8,256,0.00390625,1,1,0,0,0,0,1,1,0,0,0,0,1,1,0,0,0,0,51,none
34,9,512,0.001953125,1,1,0,0,0,0,1,1,0,0,0,0,1,1,0,0,0,0,51,none
34,10,1024,0.0009765625,1,1,0,0,0,0,1,1,0,0,0,0,1,1,0,0,0,0,51,none
34,11,2048,0.00048828125,1,1,0,0,0,0,1,1,0,0,0,0,1,1,0,0,0,0,51,none
34,12,4096,0.000244140625,1,1,0,0,0,0,1,1,0,0,0,0,1,1,0,0,0,0,51,none
34,13,8192,0.0001220703125,1,1,0,0,0,0,1,1,0,0,0,0,1,1,0,0,0,0,51,none
34,14,16384,6.103515625e-5,1,1,0,0,0,0,1,1,0,0,0,0,1,1,0,0,0,0,51,none
34,15,32768,3.0517578125e-5,1,1,0,0,0,0,1,1,0,0,0,0,1,1,0,0,0,0,51,none
35,3,8,1.0,1,0,0,1,0,0,8,0,0,8,0,0,8,0,0,8,0,0,51,none
35,4,16,1.0,1,0,0,1,0,0,16,0,0,16,0,0,16,0,0,16,0,0,51,none
35,5,32,1.0,1,0,0,1,0,0,32,0,0,32,0,0,32,0,0,32,0,0,51,none
35,6,64,1.0,1,0,0,1,0,0,64,0,0,64,0,0,64,0,0,64,0,0,51,none
35,7,128,1.0,1,0,0,1,0,0,128,0,0,128,0,0,128,0,0,128,0,0,51,none
35,8,256,1.0,1,0,0,1,0,0,256,0,0,256,0,0,256,0,0,256,0,0,51,none
35,9,512,1.0,1,0,0,1,0,0,512,0,0,512,0,0,512,0,0,512,0,0,51,none
35,10,1024,1.0,1,0,0,1,0,0,1024,0,0,1024,0,0,1024,0,0,1024,0,0,51,none
35,11,2048,1.0,1,0,0,1,0,0,2048,0,0,2048,0,0,2048,0,0,2048,0,0,51,none
35,12,4096,1.0,1,0,0,1,0,0,4096,0,0,4096,0,0,4096,0,0,4096,0,0,51,none
35,13,8192,1.0,1,0,0,1,0,0,8192,0,0,8192,0,0,8192,0,0,8192,0,0,51,none
35,14,16384,1.0,1,0,0,1,0,0,16384,0,0,16384,0,0,16384,0,0,16384,0,0,51,none
35,15,32768,1.0,1,0,0,1,0,0,32768,0,0,32768,0,0,32768,0,0,32768,0,0,51,none
38,3,8,1.0,2,1,0,1,0,0,7,1,0,7,0,0,8,1,0,7,0,0,54,none
38,4,16,1.0,2,1,0,1,0,0,15,1,0,15,0,0,16,1,0,15,0,0,54,none
38,5,32,1.0,2,1,0,1,0,0,31,1,0,31,0,0,32,1,0,31,0,0,54,none
38,6,64,1.0,2,1,0,1,0,0,63,1,0,63,0,0,64,1,0,63,0,0,54,none
38,7,128,1.0,2,1,0,1,0,0,127,1,0,127,0,0,128,1,0,127,0,0,54,none
38,8,256,1.0,2,1,0,1,0,0,255,1,0,255,0,0,256,1,0,255,0,0,54,none
38,9,512,1.0,2,1,0,1,0,0,511,1,0,511,0,0,512,1,0,511,0,0,54,none
38,10,1024,1.0,2,1,0,1,0,0,1023,1,0,1023,0,0,1024,1,0,1023,0,0,54,none
38,11,2048,1.0,2,1,0,1,0,0,2047,1,0,2047,0,0,2048,1,0,2047,0,0,54,none
38,12,4096,1.0,2,1,0,1,0,0,4095,1,0,4095,0,0,4096,1,0,4095,0,0,54,none
38,13,8192,1.0,2,1,0,1,0,0,8191,1,0,8191,0,0,8192,1,0,8191,0,0,54,none
38,14,16384,1.0,2,1,0,1,0,0,16383,1,0,16383,0,0,16384,1,0,16383,0,0,54,none
38,15,32768,1.0,2,1,0,1,0,0,32767,1,0,32767,0,0,32768,1,0,32767,0,0,54,none
40,3,8,0.125,1,1,0,0,0,0,1,1,0,0,0,0,1,1,0,0,0,0,57,none
40,4,16,0.0625,1,1,0,0,0,0,1,1,0,0,0,0,1,1,0,0,0,0,57,none
40,5,32,0.03125,1,1,0,0,0,0,1,1,0,0,0,0,1,1,0,0,0,0,57,none
40,6,64,0.015625,1,1,0,0,0,0,1,1,0,0,0,0,1,1,0,0,0,0,57,none
40,7,128,0.0078125,1,1,0,0,0,0,1,1,0,0,0,0,1,1,0,0,0,0,57,none
40,8,256,0.00390625,1,1,0,0,0,0,1,1,0,0,0,0,1,1,0,0,0,0,57,none
40,9,512,0.001953125,1,1,0,0,0,0,1,1,0,0,0,0,1,1,0,0,0,0,57,none
40,10,1024,0.0009765625,1,1,0,0,0,0,1,1,0,0,0,0,1,1,0,0,0,0,57,none
40,11,2048,0.00048828125,1,1,0,0,0,0,1,1,0,0,0,0,1,1,0,0,0,0,57,none
40,12,4096,0.000244140625,1,1,0,0,0,0,1,1,0,0,0,0,1,1,0,0,0,0,57,none
40,13,8192,0.0001220703125,1,1,0,0,0,0,1,1,0,0,0,0,1,1,0,0,0,0,57,none
40,14,16384,6.103515625e-5,1,1,0,0,0,0,1,1,0,0,0,0,1,1,0,0,0,0,57,none
40,15,32768,3.0517578125e-5,1,1,0,0,0,0,1,1,0,0,0,0,1,1,0,0,0,0,57,none
41,3,8,0.5,1,0,1,0,0,0,4,0,4,0,0,0,4,0,4,0,0,0,57,none
41,4,16,1.0,1,0,0,1,0,0,16,0,0,16,0,0,16,0,0,16,0,0,57,none
41,5,32,1.0,1,0,0,1,0,0,32,0,0,32,0,0,32,0,0,32,0,0,57,none
41,6,64,1.0,1,0,0,1,0,0,64,0,0,64,0,0,64,0,0,64,0,0,57,none
41,7,128,1.0,1,0,0,1,0,0,128,0,0,128,0,0,128,0,0,128,0,0,57,none
41,8,256,1.0,1,0,0,1,0,0,256,0,0,256,0,0,256,0,0,256,0,0,57,none
41,9,512,1.0,1,0,0,1,0,0,512,0,0,512,0,0,512,0,0,512,0,0,57,none
41,10,1024,1.0,1,0,0,1,0,0,1024,0,0,1024,0,0,1024,0,0,1024,0,0,57,none
41,11,2048,1.0,1,0,0,1,0,0,2048,0,0,2048,0,0,2048,0,0,2048,0,0,57,none
41,12,4096,1.0,1,0,0,1,0,0,4096,0,0,4096,0,0,4096,0,0,4096,0,0,57,none
41,13,8192,1.0,1,0,0,1,0,0,8192,0,0,8192,0,0,8192,0,0,8192,0,0,57,none
41,14,16384,1.0,1,0,0,1,0,0,16384,0,0,16384,0,0,16384,0,0,16384,0,0,57,none
41,15,32768,1.0,1,0,0,1,0,0,32768,0,0,32768,0,0,32768,0,0,32768,0,0,57,none
42,3,8,0.125,1,1,0,0,0,0,1,1,0,0,0,0,1,1,0,0,0,0,51,none
42,4,16,0.0625,1,1,0,0,0,0,1,1,0,0,0,0,1,1,0,0,0,0,51,none
42,5,32,0.03125,1,1,0,0,0,0,1,1,0,0,0,0,1,1,0,0,0,0,51,none
42,6,64,0.015625,1,1,0,0,0,0,1,1,0,0,0,0,1,1,0,0,0,0,51,none
42,7,128,0.0078125,1,1,0,0,0,0,1,1,0,0,0,0,1,1,0,0,0,0,51,none
42,8,256,0.00390625,1,1,0,0,0,0,1,1,0,0,0,0,1,1,0,0,0,0,51,none
42,9,512,0.001953125,1,1,0,0,0,0,1,1,0,0,0,0,1,1,0,0,0,0,51,none
42,10,1024,0.0009765625,1,1,0,0,0,0,1,1,0,0,0,0,1,1,0,0,0,0,51,none
42,11,2048,0.00048828125,1,1,0,0,0,0,1,1,0,0,0,0,1,1,0,0,0,0,51,none
42,12,4096,0.000244140625,1,1,0,0,0,0,1,1,0,0,0,0,1,1,0,0,0,0,51,none
42,13,8192,0.0001220703125,1,1,0,0,0,0,1,1,0,0,0,0,1,1,0,0,0,0,51,none
42,14,16384,6.103515625e-5,1,1,0,0,0,0,1,1,0,0,0,0,1,1,0,0,0,0,51,none
42,15,32768,3.0517578125e-5,1,1,0,0,0,0,1,1,0,0,0,0,1,1,0,0,0,0,51,none
44,3,8,0.5,4,4,0,0,0,0,1,1,0,0,0,0,4,4,0,0,0,0,60,none
44,4,16,0.3125,5,5,0,0,0,0,1,1,0,0,0,0,5,5,0,0,0,0,60,none
44,5,32,0.1875,6,6,0,0,0,0,1,1,0,0,0,0,6,6,0,0,0,0,60,none
44,6,64,0.15625,10,10,0,0,0,0,1,1,0,0,0,0,10,10,0,0,0,0,60,none
44,7,128,0.1171875,15,15,0,0,0,0,1,1,0,0,0,0,15,15,0,0,0,0,60,none
44,8,256,0.08203125,21,21,0,0,0,0,1,1,0,0,0,0,21,21,0,0,0,0,60,none
44,9,512,0.060546875,31,31,0,0,0,0,1,1,0,0,0,0,31,31,0,0,0,0,60,none
44,10,1024,0.044921875,46,46,0,0,0,0,1,1,0,0,0,0,46,46,0,0,0,0,60,none
44,11,2048,0.03271484375,67,67,0,0,0,0,1,1,0,0,0,0,67,67,0,0,0,0,60,none
44,12,4096,0.02392578125,98,98,0,0,0,0,1,1,0,0,0,0,98,98,0,0,0,0,60,none
44,13,8192,0.017578125,144,144,0,0,0,0,1,1,0,0,0,0,144,144,0,0,0,0,60,none
44,14,16384,0.01287841796875,211,211,0,0,0,0,1,1,0,0,0,0,211,211,0,0,0,0,60,none
44,15,32768,0.009429931640625,309,309,0,0,0,0,1,1,0,0,0,0,309,309,0,0,0,0,60,none
45,3,8,0.375,3,3,0,0,0,0,1,1,0,0,0,0,3,3,0,0,0,0,57,none
45,4,16,0.9375,1,0,0,1,0,0,15,0,0,15,0,0,15,0,0,15,0,0,57,none
45,5,32,0.96875,1,0,0,1,0,0,31,0,0,31,0,0,31,0,0,31,0,0,57,none
45,6,64,0.046875,3,3,0,0,0,0,1,1,0,0,0,0,3,3,0,0,0,0,57,none
45,7,128,0.9921875,1,0,0,1,0,0,127,0,0,127,0,0,127,0,0,127,0,0,57,none
45,8,256,0.99609375,1,0,0,1,0,0,255,0,0,255,0,0,255,0,0,255,0,0,57,none
45,9,512,0.005859375,3,3,0,0,0,0,1,1,0,0,0,0,3,3,0,0,0,0,57,none
45,10,1024,0.9990234375,1,0,0,1,0,0,1023,0,0,1023,0,0,1023,0,0,1023,0,0,57,none
45,11,2048,0.99951171875,1,0,0,1,0,0,2047,0,0,2047,0,0,2047,0,0,2047,0,0,57,none
45,12,4096,0.000732421875,3,3,0,0,0,0,1,1,0,0,0,0,3,3,0,0,0,0,57,none
45,13,8192,0.9998779296875,1,0,0,1,0,0,8191,0,0,8191,0,0,8191,0,0,8191,0,0,57,none
45,14,16384,0.99993896484375,1,0,0,1,0,0,16383,0,0,16383,0,0,16383,0,0,16383,0,0,57,none
45,15,32768,9.1552734375e-5,3,3,0,0,0,0,1,1,0,0,0,0,3,3,0,0,0,0,57,none
46,3,8,1.0,2,1,0,1,0,0,7,1,0,7,0,0,8,1,0,7,0,0,54,none
46,4,16,1.0,2,1,0,1,0,0,15,1,0,15,0,0,16,1,0,15,0,0,54,none
46,5,32,1.0,2,1,0,1,0,0,31,1,0,31,0,0,32,1,0,31,0,0,54,none
46,6,64,1.0,2,1,0,1,0,0,63,1,0,63,0,0,64,1,0,63,0,0,54,none
46,7,128,1.0,2,1,0,1,0,0,127,1,0,127,0,0,128,1,0,127,0,0,54,none
46,8,256,1.0,2,1,0,1,0,0,255,1,0,255,0,0,256,1,0,255,0,0,54,none
46,9,512,1.0,2,1,0,1,0,0,511,1,0,511,0,0,512,1,0,511,0,0,54,none
46,10,1024,1.0,2,1,0,1,0,0,1023,1,0,1023,0,0,1024,1,0,1023,0,0,54,none
46,11,2048,1.0,2,1,0,1,0,0,2047,1,0,2047,0,0,2048,1,0,2047,0,0,54,none
46,12,4096,1.0,2,1,0,1,0,0,4095,1,0,4095,0,0,4096,1,0,4095,0,0,54,none
46,13,8192,1.0,2,1,0,1,0,0,8191,1,0,8191,0,0,8192,1,0,8191,0,0,54,none
46,14,16384,1.0,2,1,0,1,0,0,16383,1,0,16383,0,0,16384,1,0,16383,0,0,54,none
46,15,32768,1.0,2,1,0,1,0,0,32767,1,0,32767,0,0,32768,1,0,32767,0,0,54,none
56,3,8,0.125,1,1,0,0,0,0,1,1,0,0,0,0,1,1,0,0,0,0,57,none
56,4,16,0.0625,1,1,0,0,0,0,1,1,0,0,0,0,1,1,0,0,0,0,57,none
56,5,32,0.03125,1,1,0,0,0,0,1,1,0,0,0,0,1,1,0,0,0,0,57,none
56,6,64,0.015625,1,1,0,0,0,0,1,1,0,0,0,0,1,1,0,0,0,0,57,none
56,7,128,0.0078125,1,1,0,0,0,0,1,1,0,0,0,0,1,1,0,0,0,0,57,none
56,8,256,0.00390625,1,1,0,0,0,0,1,1,0,0,0,0,1,1,0,0,0,0,57,none
56,9,512,0.001953125,1,1,0,0,0,0,1,1,0,0,0,0,1,1,0,0,0,0,57,none
56,10,1024,0.0009765625,1,1,0,0,0,0,1,1,0,0,0,0,1,1,0,0,0,0,57,none
56,11,2048,0.00048828125,1,1,0,0,0,0,1,1,0,0,0,0,1,1,0,0,0,0,57,none
56,12,4096,0.000244140625,1,1,0,0,0,0,1,1,0,0,0,0,1,1,0,0,0,0,57,none
56,13,8192,0.0001220703125,1,1,0,0,0,0,1,1,0,0,0,0,1,1,0,0,0,0,57,none
56,14,16384,6.103515625e-5,1,1,0,0,0,0,1,1,0,0,0,0,1,1,0,0,0,0,57,none
56,15,32768,3.0517578125e-5,1,1,0,0,0,0,1,1,0,0,0,0,1,1,0,0,0,0,57,none
58,3,8,0.125,1,1,0,0,0,0,1,1,0,0,0,0,1,1,0,0,0,0,51,none
58,4,16,0.0625,1,1,0,0,0,0,1,1,0,0,0,0,1,1,0,0,0,0,51,none
58,5,32,0.03125,1,1,0,0,0,0,1,1,0,0,0,0,1,1,0,0,0,0,51,none
58,6,64,0.015625,1,1,0,0,0,0,1,1,0,0,0,0,1,1,0,0,0,0,51,none
58,7,128,0.0078125,1,1,0,0,0,0,1,1,0,0,0,0,1,1,0,0,0,0,51,none
58,8,256,0.00390625,1,1,0,0,0,0,1,1,0,0,0,0,1,1,0,0,0,0,51,none
58,9,512,0.001953125,1,1,0,0,0,0,1,1,0,0,0,0,1,1,0,0,0,0,51,none
58,10,1024,0.0009765625,1,1,0,0,0,0,1,1,0,0,0,0,1,1,0,0,0,0,51,none
58,11,2048,0.00048828125,1,1,0,0,0,0,1,1,0,0,0,0,1,1,0,0,0,0,51,none
58,12,4096,0.000244140625,1,1,0,0,0,0,1,1,0,0,0,0,1,1,0,0,0,0,51,none
58,13,8192,0.0001220703125,1,1,0,0,0,0,1,1,0,0,0,0,1,1,0,0,0,0,51,none
58,14,16384,6.103515625e-5,1,1,0,0,0,0,1,1,0,0,0,0,1,1,0,0,0,0,51,none
58,15,32768,3.0517578125e-5,1,1,0,0,0,0,1,1,0,0,0,0,1,1,0,0,0,0,51,none
60,3,8,1.0,2,1,1,0,0,0,7,1,7,0,0,0,8,1,7,0,0,0,60,none
60,4,16,1.0,2,1,1,0,0,0,15,1,15,0,0,0,16,1,15,0,0,0,60,none
60,5,32,1.0,2,1,1,0,0,0,31,1,31,0,0,0,32,1,31,0,0,0,60,none
60,6,64,1.0,2,1,1,0,0,0,63,1,63,0,0,0,64,1,63,0,0,0,60,none
60,7,128,1.0,2,1,1,0,0,0,127,1,127,0,0,0,128,1,127,0,0,0,60,none
60,8,256,1.0,2,1,1,0,0,0,255,1,255,0,0,0,256,1,255,0,0,0,60,none
60,9,512,1.0,2,1,1,0,0,0,511,1,511,0,0,0,512,1,511,0,0,0,60,none
60,10,1024,1.0,2,1,1,0,0,0,1023,1,1023,0,0,0,1024,1,1023,0,0,0,60,none
60,11,2048,1.0,2,1,1,0,0,0,2047,1,2047,0,0,0,2048,1,2047,0,0,0,60,none
60,12,4096,1.0,2,1,1,0,0,0,4095,1,4095,0,0,0,4096,1,4095,0,0,0,60,none
60,13,8192,1.0,2,1,1,0,0,0,8191,1,8191,0,0,0,8192,1,8191,0,0,0,60,none
60,14,16384,1.0,2,1,1,0,0,0,16383,1,16383,0,0,0,16384,1,16383,0,0,0,60,none
60,15,32768,1.0,2,1,1,0,0,0,32767,1,32767,0,0,0,32768,1,32767,0,0,0,60,none
62,3,8,1.0,2,1,0,1,0,0,7,1,0,7,0,0,8,1,0,7,0,0,54,none
62,4,16,1.0,2,1,0,1,0,0,15,1,0,15,0,0,16,1,0,15,0,0,54,none
62,5,32,1.0,2,1,0,1,0,0,31,1,0,31,0,0,32,1,0,31,0,0,54,none
62,6,64,1.0,2,1,0,1,0,0,63,1,0,63,0,0,64,1,0,63,0,0,54,none
62,7,128,1.0,2,1,0,1,0,0,127,1,0,127,0,0,128,1,0,127,0,0,54,none
62,8,256,1.0,2,1,0,1,0,0,255,1,0,255,0,0,256,1,0,255,0,0,54,none
62,9,512,1.0,2,1,0,1,0,0,511,1,0,511,0,0,512,1,0,511,0,0,54,none
62,10,1024,1.0,2,1,0,1,0,0,1023,1,0,1023,0,0,1024,1,0,1023,0,0,54,none
62,11,2048,1.0,2,1,0,1,0,0,2047,1,0,2047,0,0,2048,1,0,2047,0,0,54,none
62,12,4096,1.0,2,1,0,1,0,0,4095,1,0,4095,0,0,4096,1,0,4095,0,0,54,none
62,13,8192,1.0,2,1,0,1,0,0,8191,1,0,8191,0,0,8192,1,0,8191,0,0,54,none
62,14,16384,1.0,2,1,0,1,0,0,16383,1,0,16383,0,0,16384,1,0,16383,0,0,54,none
62,15,32768,1.0,2,1,0,1,0,0,32767,1,0,32767,0,0,32768,1,0,32767,0,0,54,none
74,3,8,0.5,4,4,0,0,0,0,1,1,0,0,0,0,4,4,0,0,0,0,57,none
74,4,16,0.0625,1,1,0,0,0,0,1,1,0,0,0,0,1,1,0,0,0,0,57,none
74,5,32,0.03125,1,1,0,0,0,0,1,1,0,0,0,0,1,1,0,0,0,0,57,none
74,6,64,0.0625,4,4,0,0,0,0,1,1,0,0,0,0,4,4,0,0,0,0,57,none
74,7,128,0.0078125,1,1,0,0,0,0,1,1,0,0,0,0,1,1,0,0,0,0,57,none
74,8,256,0.00390625,1,1,0,0,0,0,1,1,0,0,0,0,1,1,0,0,0,0,57,none
74,9,512,0.0078125,4,4,0,0,0,0,1,1,0,0,0,0,4,4,0,0,0,0,57,none
74,10,1024,0.0009765625,1,1,0,0,0,0,1,1,0,0,0,0,1,1,0,0,0,0,57,none
74,11,2048,0.00048828125,1,1,0,0,0,0,1,1,0,0,0,0,1,1,0,0,0,0,57,none
74,12,4096,0.0009765625,4,4,0,0,0,0,1,1,0,0,0,0,4,4,0,0,0,0,57,none
74,13,8192,0.0001220703125,1,1,0,0,0,0,1,1,0,0,0,0,1,1,0,0,0,0,57,none
74,14,16384,6.103515625e-5,1,1,0,0,0,0,1,1,0,0,0,0,1,1,0,0,0,0,57,none
74,15,32768,0.0001220703125,4,4,0,0,0,0,1,1,0,0,0,0,4,4,0,0,0,0,57,none
78,3,8,0.5,4,4,0,0,0,0,1,1,0,0,0,0,4,4,0,0,0,0,60,none
78,4,16,0.1875,3,3,0,0,0,0,1,1,0,0,0,0,3,3,0,0,0,0,60,none
78,5,32,0.1875,6,6,0,0,0,0,1,1,0,0,0,0,6,6,0,0,0,0,60,none
78,6,64,0.09375,6,6,0,0,0,0,1,1,0,0,0,0,6,6,0,0,0,0,60,none
78,7,128,0.0625,8,8,0,0,0,0,1,1,0,0,0,0,8,8,0,0,0,0,60,none
78,8,256,0.04296875,11,11,0,0,0,0,1,1,0,0,0,0,11,11,0,0,0,0,60,none
78,9,512,0.025390625,13,13,0,0,0,0,1,1,0,0,0,0,13,13,0,0,0,0,60,none
78,10,1024,0.017578125,18,18,0,0,0,0,1,1,0,0,0,0,18,18,0,0,0,0,60,none
78,11,2048,0.01123046875,23,23,0,0,0,0,1,1,0,0,0,0,23,23,0,0,0,0,60,none
78,12,4096,0.00732421875,30,30,0,0,0,0,1,1,0,0,0,0,30,30,0,0,0,0,60,none
78,13,8192,0.0048828125,40,40,0,0,0,0,1,1,0,0,0,0,40,40,0,0,0,0,60,none
78,14,16384,0.003173828125,52,52,0,0,0,0,1,1,0,0,0,0,52,52,0,0,0,0,60,none
78,15,32768,0.002105712890625,69,69,0,0,0,0,1,1,0,0,0,0,69,69,0,0,0,0,60,none
106,3,8,0.625,2,1,1,0,0,0,4,1,4,0,0,0,5,1,4,0,0,0,57,none
106,4,16,0.0625,1,1,0,0,0,0,1,1,0,0,0,0,1,1,0,0,0,0,57,none
106,5,32,0.03125,1,1,0,0,0,0,1,1,0,0,0,0,1,1,0,0,0,0,57,none
106,6,64,0.015625,1,1,0,0,0,0,1,1,0,0,0,0,1,1,0,0,0,0,57,none
106,7,128,0.0078125,1,1,0,0,0,0,1,1,0,0,0,0,1,1,0,0,0,0,57,none
106,8,256,0.00390625,1,1,0,0,0,0,1,1,0,0,0,0,1,1,0,0,0,0,57,none
106,9,512,0.001953125,1,1,0,0,0,0,1,1,0,0,0,0,1,1,0,0,0,0,57,none
106,10,1024,0.0009765625,1,1,0,0,0,0,1,1,0,0,0,0,1,1,0,0,0,0,57,none
106,11,2048,0.00048828125,1,1,0,0,0,0,1,1,0,0,0,0,1,1,0,0,0,0,57,none
106,12,4096,0.000244140625,1,1,0,0,0,0,1,1,0,0,0,0,1,1,0,0,0,0,57,none
106,13,8192,0.0001220703125,1,1,0,0,0,0,1,1,0,0,0,0,1,1,0,0,0,0,57,none
106,14,16384,6.103515625e-5,1,1,0,0,0,0,1,1,0,0,0,0,1,1,0,0,0,0,57,none
106,15,32768,3.0517578125e-5,1,1,0,0,0,0,1,1,0,0,0,0,1,1,0,0,0,0,57,none
110,3,8,0.625,2,1,1,0,0,0,4,1,4,0,0,0,5,1,4,0,0,0,60,none
110,4,16,0.5,2,1,1,0,0,0,7,1,7,0,0,0,8,1,7,0,0,0,60,none
110,5,32,0.375,2,1,1,0,0,0,11,1,11,0,0,0,12,1,11,0,0,0,60,none
110,6,64,0.296875,2,1,1,0,0,0,18,1,18,0,0,0,19,1,18,0,0,0,60,none
110,7,128,0.234375,2,1,1,0,0,0,29,1,29,0,0,0,30,1,29,0,0,0,60,none
110,8,256,0.1875,2,1,1,0,0,0,47,1,47,0,0,0,48,1,47,0,0,0,60,none
110,9,512,0.150390625,2,1,1,0,0,0,76,1,76,0,0,0,77,1,76,0,0,0,60,none
110,10,1024,0.12109375,2,1,1,0,0,0,123,1,123,0,0,0,124,1,123,0,0,0,60,none
110,11,2048,0.09765625,2,1,1,0,0,0,199,1,199,0,0,0,200,1,199,0,0,0,60,none
110,12,4096,0.078857421875,2,1,1,0,0,0,322,1,322,0,0,0,323,1,322,0,0,0,60,none
110,13,8192,0.063720703125,2,1,1,0,0,0,521,1,521,0,0,0,522,1,521,0,0,0,60,none
110,14,16384,0.051513671875,2,1,1,0,0,0,843,1,843,0,0,0,844,1,843,0,0,0,60,none
110,15,32768,0.041656494140625,2,1,1,0,0,0,1364,1,1364,0,0,0,1365,1,1364,0,0,0,60,none
130,3,8,0.25,2,2,0,0,0,0,1,1,0,0,0,0,2,2,0,0,0,0,54,none
130,4,16,0.125,2,2,0,0,0,0,1,1,0,0,0,0,2,2,0,0,0,0,54,none
130,5,32,0.0625,2,2,0,0,0,0,1,1,0,0,0,0,2,2,0,0,0,0,54,none
130,6,64,0.03125,2,2,0,0,0,0,1,1,0,0,0,0,2,2,0,0,0,0,54,none
130,7,128,0.015625,2,2,0,0,0,0,1,1,0,0,0,0,2,2,0,0,0,0,54,none
130,8,256,0.0078125,2,2,0,0,0,0,1,1,0,0,0,0,2,2,0,0,0,0,54,none
130,9,512,0.00390625,2,2,0,0,0,0,1,1,0,0,0,0,2,2,0,0,0,0,54,none
130,10,1024,0.001953125,2,2,0,0,0,0,1,1,0,0,0,0,2,2,0,0,0,0,54,none
130,11,2048,0.0009765625,2,2,0,0,0,0,1,1,0,0,0,0,2,2,0,0,0,0,54,none
130,12,4096,0.00048828125,2,2,0,0,0,0,1,1,0,0,0,0,2,2,0,0,0,0,54,none
130,13,8192,0.000244140625,2,2,0,0,0,0,1,1,0,0,0,0,2,2,0,0,0,0,54,none
130,14,16384,0.0001220703125,2,2,0,0,0,0,1,1,0,0,0,0,2,2,0,0,0,0,54,none
130,15,32768,6.103515625e-5,2,2,0,0,0,0,1,1,0,0,0,0,2,2,0,0,0,0,54,none
134,3,8,1.0,3,2,0,1,0,1,6,1,0,6,0,6,8,2,0,6,0,6,150,none
134,4,16,1.0,5,4,0,1,0,0,12,1,0,12,0,0,16,4,0,12,0,0,150,none
134,5,32,1.0,4,2,0,2,0,1,20,1,0,20,0,10,32,2,0,30,0,10,150,none
134,6,64,1.0,6,4,0,2,0,0,30,1,0,30,0,0,64,4,0,60,0,0,150,none
134,7,128,1.0,5,2,0,3,0,1,70,1,0,70,0,14,128,2,0,126,0,14,150,none
134,8,256,1.0,7,4,0,3,0,0,140,1,0,140,0,0,256,4,0,252,0,0,150,none
134,9,512,1.0,6,2,0,4,0,1,252,1,0,252,0,18,512,2,0,510,0,18,150,none
134,10,1024,1.0,8,4,0,4,0,0,420,1,0,420,0,0,1024,4,0,1020,0,0,150,none
134,11,2048,1.0,7,2,0,5,0,1,924,1,0,924,0,22,2048,2,0,2046,0,22,150,none
134,12,4096,1.0,9,4,0,5,0,0,1848,1,0,1848,0,0,4096,4,0,4092,0,0,150,none
134,13,8192,1.0,8,2,0,6,0,1,3432,1,0,3432,0,26,8192,2,0,8190,0,26,150,none
134,14,16384,1.0,10,4,0,6,0,0,6006,1,0,6006,0,0,16384,4,0,16380,0,0,150,none
134,15,32768,1.0,9,2,0,7,0,1,12870,1,0,12870,0,30,32768,2,0,32766,0,30,150,none
136,3,8,0.25,2,2,0,0,0,0,1,1,0,0,0,0,2,2,0,0,0,0,60,none
136,4,16,0.125,2,2,0,0,0,0,1,1,0,0,0,0,2,2,0,0,0,0,60,none
136,5,32,0.0625,2,2,0,0,0,0,1,1,0,0,0,0,2,2,0,0,0,0,60,none
136,6,64,0.03125,2,2,0,0,0,0,1,1,0,0,0,0,2,2,0,0,0,0,60,none
136,7,128,0.015625,2,2,0,0,0,0,1,1,0,0,0,0,2,2,0,0,0,0,60,none
136,8,256,0.0078125,2,2,0,0,0,0,1,1,0,0,0,0,2,2,0,0,0,0,60,none
136,9,512,0.00390625,2,2,0,0,0,0,1,1,0,0,0,0,2,2,0,0,0,0,60,none
136,10,1024,0.001953125,2,2,0,0,0,0,1,1,0,0,0,0,2,2,0,0,0,0,60,none
136,11,2048,0.0009765625,2,2,0,0,0,0,1,1,0,0,0,0,2,2,0,0,0,0,60,none
136,12,4096,0.00048828125,2,2,0,0,0,0,1,1,0,0,0,0,2,2,0,0,0,0,60,none
136,13,8192,0.000244140625,2,2,0,0,0,0,1,1,0,0,0,0,2,2,0,0,0,0,60,none
136,14,16384,0.0001220703125,2,2,0,0,0,0,1,1,0,0,0,0,2,2,0,0,0,0,60,none
136,15,32768,6.103515625e-5,2,2,0,0,0,0,1,1,0,0,0,0,2,2,0,0,0,0,60,none
138,3,8,0.25,2,2,0,0,0,0,1,1,0,0,0,0,2,2,0,0,0,0,54,none
138,4,16,0.125,2,2,0,0,0,0,1,1,0,0,0,0,2,2,0,0,0,0,54,none
138,5,32,0.0625,2,2,0,0,0,0,1,1,0,0,0,0,2,2,0,0,0,0,54,none
138,6,64,0.03125,2,2,0,0,0,0,1,1,0,0,0,0,2,2,0,0,0,0,54,none
138,7,128,0.015625,2,2,0,0,0,0,1,1,0,0,0,0,2,2,0,0,0,0,54,none
138,8,256,0.0078125,2,2,0,0,0,0,1,1,0,0,0,0,2,2,0,0,0,0,54,none
138,9,512,0.00390625,2,2,0,0,0,0,1,1,0,0,0,0,2,2,0,0,0,0,54,none
138,10,1024,0.001953125,2,2,0,0,0,0,1,1,0,0,0,0,2,2,0,0,0,0,54,none
138,11,2048,0.0009765625,2,2,0,0,0,0,1,1,0,0,0,0,2,2,0,0,0,0,54,none
138,12,4096,0.00048828125,2,2,0,0,0,0,1,1,0,0,0,0,2,2,0,0,0,0,54,none
138,13,8192,0.000244140625,2,2,0,0,0,0,1,1,0,0,0,0,2,2,0,0,0,0,54,none
138,14,16384,0.0001220703125,2,2,0,0,0,0,1,1,0,0,0,0,2,2,0,0,0,0,54,none
138,15,32768,6.103515625e-5,2,2,0,0,0,0,1,1,0,0,0,0,2,2,0,0,0,0,54,none
140,3,8,0.625,5,5,0,0,0,0,1,1,0,0,0,0,5,5,0,0,0,0,156,none
140,4,16,0.5,8,8,0,0,0,0,1,1,0,0,0,0,8,8,0,0,0,0,156,none
140,5,32,0.375,12,12,0,0,0,0,1,1,0,0,0,0,12,12,0,0,0,0,156,none
140,6,64,0.296875,19,19,0,0,0,0,1,1,0,0,0,0,19,19,0,0,0,0,156,none
140,7,128,0.234375,30,30,0,0,0,0,1,1,0,0,0,0,30,30,0,0,0,0,156,none
140,8,256,0.1875,48,48,0,0,0,0,1,1,0,0,0,0,48,48,0,0,0,0,156,none
140,9,512,0.150390625,77,77,0,0,0,0,1,1,0,0,0,0,77,77,0,0,0,0,156,none
140,10,1024,0.12109375,124,124,0,0,0,0,1,1,0,0,0,0,124,124,0,0,0,0,156,none
140,11,2048,0.09765625,200,200,0,0,0,0,1,1,0,0,0,0,200,200,0,0,0,0,156,none
140,12,4096,0.078857421875,323,323,0,0,0,0,1,1,0,0,0,0,323,323,0,0,0,0,156,none
140,13,8192,0.063720703125,522,522,0,0,0,0,1,1,0,0,0,0,522,522,0,0,0,0,156,none
140,14,16384,0.051513671875,844,844,0,0,0,0,1,1,0,0,0,0,844,844,0,0,0,0,156,none
140,15,32768,0.041656494140625,1365,1365,0,0,0,0,1,1,0,0,0,0,1365,1365,0,0,0,0,156,none
152,3,8,0.25,2,2,0,0,0,0,1,1,0,0,0,0,2,2,0,0,0,0,60,none
152,4,16,0.125,2,2,0,0,0,0,1,1,0,0,0,0,2,2,0,0,0,0,60,none
152,5,32,0.0625,2,2,0,0,0,0,1,1,0,0,0,0,2,2,0,0,0,0,60,none
152,6,64,0.03125,2,2,0,0,0,0,1,1,0,0,0,0,2,2,0,0,0,0,60,none
152,7,128,0.015625,2,2,0,0,0,0,1,1,0,0,0,0,2,2,0,0,0,0,60,none
152,8,256,0.0078125,2,2,0,0,0,0,1,1,0,0,0,0,2,2,0,0,0,0,60,none
152,9,512,0.00390625,2,2,0,0,0,0,1,1,0,0,0,0,2,2,0,0,0,0,60,none
152,10,1024,0.001953125,2,2,0,0,0,0,1,1,0,0,0,0,2,2,0,0,0,0,60,none
152,11,2048,0.0009765625,2,2,0,0,0,0,1,1,0,0,0,0,2,2,0,0,0,0,60,none
152,12,4096,0.00048828125,2,2,0,0,0,0,1,1,0,0,0,0,2,2,0,0,0,0,60,none
152,13,8192,0.000244140625,2,2,0,0,0,0,1,1,0,0,0,0,2,2,0,0,0,0,60,none
152,14,16384,0.0001220703125,2,2,0,0,0,0,1,1,0,0,0,0,2,2,0,0,0,0,60,none
152,15,32768,6.103515625e-5,2,2,0,0,0,0,1,1,0,0,0,0,2,2,0,0,0,0,60,none
154,3,8,0.25,2,2,0,0,0,0,1,1,0,0,0,0,2,2,0,0,0,0,54,none
154,4,16,0.125,2,2,0,0,0,0,1,1,0,0,0,0,2,2,0,0,0,0,54,none
154,5,32,0.0625,2,2,0,0,0,0,1,1,0,0,0,0,2,2,0,0,0,0,54,none
154,6,64,0.03125,2,2,0,0,0,0,1,1,0,0,0,0,2,2,0,0,0,0,54,none
154,7,128,0.015625,2,2,0,0,0,0,1,1,0,0,0,0,2,2,0,0,0,0,54,none
154,8,256,0.0078125,2,2,0,0,0,0,1,1,0,0,0,0,2,2,0,0,0,0,54,none
154,9,512,0.00390625,2,2,0,0,0,0,1,1,0,0,0,0,2,2,0,0,0,0,54,none
154,10,1024,0.001953125,2,2,0,0,0,0,1,1,0,0,0,0,2,2,0,0,0,0,54,none
154,11,2048,0.0009765625,2,2,0,0,0,0,1,1,0,0,0,0,2,2,0,0,0,0,54,none
154,12,4096,0.00048828125,2,2,0,0,0,0,1,1,0,0,0,0,2,2,0,0,0,0,54,none
154,13,8192,0.000244140625,2,2,0,0,0,0,1,1,0,0,0,0,2,2,0,0,0,0,54,none
154,14,16384,0.0001220703125,2,2,0,0,0,0,1,1,0,0,0,0,2,2,0,0,0,0,54,none
154,15,32768,6.103515625e-5,2,2,0,0,0,0,1,1,0,0,0,0,2,2,0,0,0,0,54,none
162,3,8,0.25,2,2,0,0,0,0,1,1,0,0,0,0,2,2,0,0,0,0,51,none
162,4,16,0.125,2,2,0,0,0,0,1,1,0,0,0,0,2,2,0,0,0,0,51,none
162,5,32,0.0625,2,2,0,0,0,0,1,1,0,0,0,0,2,2,0,0,0,0,51,none
162,6,64,0.03125,2,2,0,0,0,0,1,1,0,0,0,0,2,2,0,0,0,0,51,none
162,7,128,0.015625,2,2,0,0,0,0,1,1,0,0,0,0,2,2,0,0,0,0,51,none
162,8,256,0.0078125,2,2,0,0,0,0,1,1,0,0,0,0,2,2,0,0,0,0,51,none
162,9,512,0.00390625,2,2,0,0,0,0,1,1,0,0,0,0,2,2,0,0,0,0,51,none
162,10,1024,0.001953125,2,2,0,0,0,0,1,1,0,0,0,0,2,2,0,0,0,0,51,none
162,11,2048,0.0009765625,2,2,0,0,0,0,1,1,0,0,0,0,2,2,0,0,0,0,51,none
162,12,4096,0.00048828125,2,2,0,0,0,0,1,1,0,0,0,0,2,2,0,0,0,0,51,none
162,13,8192,0.000244140625,2,2,0,0,0,0,1,1,0,0,0,0,2,2,0,0,0,0,51,none
162,14,16384,0.0001220703125,2,2,0,0,0,0,1,1,0,0,0,0,2,2,0,0,0,0,51,none
162,15,32768,6.103515625e-5,2,2,0,0,0,0,1,1,0,0,0,0,2,2,0,0,0,0,51,none
168,3,8,0.25,2,2,0,0,0,0,1,1,0,0,0,0,2,2,0,0,0,0,57,none
168,4,16,0.125,2,2,0,0,0,0,1,1,0,0,0,0,2,2,0,0,0,0,57,none
168,5,32,0.0625,2,2,0,0,0,0,1,1,0,0,0,0,2,2,0,0,0,0,57,none
168,6,64,0.03125,2,2,0,0,0,0,1,1,0,0,0,0,2,2,0,0,0,0,57,none
168,7,128,0.015625,2,2,0,0,0,0,1,1,0,0,0,0,2,2,0,0,0,0,57,none
168,8,256,0.0078125,2,2,0,0,0,0,1,1,0,0,0,0,2,2,0,0,0,0,57,none
168,9,512,0.00390625,2,2,0,0,0,0,1,1,0,0,0,0,2,2,0,0,0,0,57,none
168,10,1024,0.001953125,2,2,0,0,0,0,1,1,0,0,0,0,2,2,0,0,0,0,57,none
168,11,2048,0.0009765625,2,2,0,0,0,0,1,1,0,0,0,0,2,2,0,0,0,0,57,none
168,12,4096,0.00048828125,2,2,0,0,0,0,1,1,0,0,0,0,2,2,0,0,0,0,57,none
168,13,8192,0.000244140625,2,2,0,0,0,0,1,1,0,0,0,0,2,2,0,0,0,0,57,none
168,14,16384,0.0001220703125,2,2,0,0,0,0,1,1,0,0,0,0,2,2,0,0,0,0,57,none
168,15,32768,6.103515625e-5,2,2,0,0,0,0,1,1,0,0,0,0,2,2,0,0,0,0,57,none
172,3,8,0.625,5,5,0,0,0,0,1,1,0,0,0,0,5,5,0,0,0,0,60,none
172,4,16,0.375,6,6,0,0,0,0,1,1,0,0,0,0,6,6,0,0,0,0,60,none
172,5,32,0.21875,7,7,0,0,0,0,1,1,0,0,0,0,7,7,0,0,0,0,60,none
172,6,64,0.171875,11,11,0,0,0,0,1,1,0,0,0,0,11,11,0,0,0,0,60,none
172,7,128,0.125,16,16,0,0,0,0,1,1,0,0,0,0,16,16,0,0,0,0,60,none
172,8,256,0.0859375,22,22,0,0,0,0,1,1,0,0,0,0,22,22,0,0,0,0,60,none
172,9,512,0.0625,32,32,0,0,0,0,1,1,0,0,0,0,32,32,0,0,0,0,60,none
172,10,1024,0.0458984375,47,47,0,0,0,0,1,1,0,0,0,0,47,47,0,0,0,0,60,none
172,11,2048,0.033203125,68,68,0,0,0,0,1,1,0,0,0,0,68,68,0,0,0,0,60,none
172,12,4096,0.024169921875,99,99,0,0,0,0,1,1,0,0,0,0,99,99,0,0,0,0,60,none
172,13,8192,0.0177001953125,145,145,0,0,0,0,1,1,0,0,0,0,145,145,0,0,0,0,60,none
172,14,16384,0.012939453125,212,212,0,0,0,0,1,1,0,0,0,0,212,212,0,0,0,0,60,none
172,15,32768,0.00946044921875,310,310,0,0,0,0,1,1,0,0,0,0,310,310,0,0,0,0,60,none
